"","sample","latitude","longitude","Max_if_2_habitats_have_same","depth","slope4","slope8","aspect4","aspect8","tpi","tri","roughness","flowdir"
"22","MF-GB109",-33.55410455,115.0939042,"Unconsolidated",-27,0.203648732299936,0.203648732299936,27.0589211629297,27.0589211629297,0,0.75,2,1
"23","MF-GB113",-33.56969737,115.2362963,"Turf.algae",-23,0.0403134655905938,0.0403134655905938,309.991237181315,309.991237181315,0.375,0.375,1,64
"24","MF-GB128",-33.56540445,115.2369006,"Unconsolidated",-24,0.120938181740698,0.120938181740698,309.992054012148,309.992054012148,-0.625,0.625,1,16
"25","MF-GB145",-33.54539738,115.1344049,"Unconsolidated",-28,0.247021107921254,0.247021107921254,270,270,0,0.75,2,16
"26","MF-GB168",-33.54850245,115.1340043,"Unconsolidated",-28,0.18527169334011,0.18527169334011,270,270,0,0.5,2,16
"27","MF-GB192",-33.53959924,115.1130031,"Unconsolidated",-30,0.0518165400284703,0.0518165400284703,2.16277718339519e-13,2.16277718339519e-13,0.375,0.375,1,64
"28","MF-GB199",-33.53719702,115.1109986,"Seagrasses",-31,0.13316954017475,0.13316954017475,13.405502151672,13.405502151672,-0.25,0.5,2,128
"29","MF-GB221",-33.52649658,115.0889008,"Unconsolidated",-32,0.0836309676958941,0.0836309676958941,338.338053114984,338.338053114984,0.25,0.25,1,64
"30","MF-GB228",-33.5245989,115.090396,"Unconsolidated",-32,0.192329583822722,0.192329583822722,285.629423252394,285.629423252394,0,0.5,2,16
"73","1",-33.36345,115.21415,"Unconsolidated",-39,0.0402575926533645,0.0402575926533645,229.942025703528,229.942025703528,1.125,1.125,2,1
"74","10",-33.5281667,115.3313333,"Seagrasses",-23,0.120631653222593,0.120631653222593,329.214104810698,329.214104810698,-0.5,0.5,1,128
"75","100",-33.4324833,115.21415,"Seagrasses",-38,0.123350777533461,0.123350777533461,270,270,-0.375,0.375,1,16
"76","10000",-33.4135833,115.3645833,"Seagrasses",-30,0.0616612534779165,0.0616612534779165,270,270,0.125,0.125,1,16
"77","10001",-33.4217167,115.3722167,"Unconsolidated",-29,0.0402732016812413,0.0402732016812413,310.039304963646,310.039304963646,0.875,0.875,1,1
"78","10002",-33.4234167,115.3889333,"Unconsolidated",-28,0,0,90,90,0,0,0,32
"79","10003",-33.4213,115.35935,"Unconsolidated",-30,0.0960596372607175,0.0960596372607175,285.647015874441,285.647015874441,0.25,0.25,1,16
"80","10004",-33.4039167,115.3976,"Seagrasses",-29,0.0402684459521083,0.0402684459521083,310.044991026129,310.044991026129,-0.625,0.625,1,64
"81","10005",-33.4777667,115.3694,"Unconsolidated",-25,0,0,90,90,0,0,0,128
"82","101",-33.3885833,115.37675,"Seagrasses",-30,0.0402643732048557,0.0402643732048557,130.049861944103,130.049861944103,0.25,0.25,1,1
"83","102",-33.5185,115.1196,"Unconsolidated",-34,0.103632995297272,0.103632995297272,360,360,-0.375,0.375,1,64
"84","103",-33.4581167,115.4547167,"Seagrasses",-18,0.159199472238306,0.159199472238306,324.459296231136,324.459296231136,0.875,0.875,2,16
"85","1038",-33.5333333,115.4200167,"Seagrasses",-13,0.0403038822677022,0.0403038822677022,229.997333851408,229.997333851408,-0.25,0.25,1,128
"86","104",-33.4597333,115.2450667,"Unconsolidated",-34,0.103632995297272,0.103632995297272,0,0,0.375,0.375,1,64
"87","106",-33.57825,115.3451333,"Seagrasses",-13,0.103632995297272,0.103632995297272,360,360,0.375,0.375,1,64
"88","107",-33.5833333,115.1881167,"Seagrasses",-21,0.266345518934518,0.266345518934518,346.587389584694,346.587389584694,-0.625,1.125,3,64
"89","108",-33.4690833,115.1676667,"Unconsolidated",-34,0.103632995297272,0.103632995297272,180,180,0.375,0.375,1,4
"90","11",-33.5712167,115.2958167,"Seagrasses",-21,0.133172441313068,0.133172441313068,346.589261759171,346.589261759171,-0.25,0.5,2,32
"91","110",-33.4022667,115.3556833,"Unconsolidated",-32,0.192077719821807,0.192077719821807,285.650442677666,285.650442677666,0.375,0.625,2,16
"92","1108",-33.5580167,115.41435,"Seagrasses",-11,0.103632995297272,0.103632995297272,0,0,0.375,0.375,1,64
"93","111",-33.5369,115.3219167,"Seagrasses",-22,0.0403045661874942,0.0403045661874942,310.001850269746,310.001850269746,0.125,0.125,1,32
"94","112",-33.4052,115.5224,"Seagrasses",-16,0.238010827875128,0.238010827875128,319.638098272739,319.638098272739,0,0.75,3,16
"95","113",-33.3658333,115.27785,"Unconsolidated",-37,0.040258270294759,0.040258270294759,310.057163389915,310.057163389915,0.125,0.125,1,32
"96","114",-33.3984333,115.1639167,"Unconsolidated",-40,0.0836142305639352,0.0836142305639352,338.36694749685,338.36694749685,0.625,0.625,1,16
"97","115",-33.4446333,115.4064667,"Unconsolidated",-26,0.0960827328994721,0.0960827328994721,254.356841583771,254.356841583771,-0.25,0.25,1,64
"98","116",-33.4981667,115.2863667,"Unconsolidated",-28,0.133877516237859,0.133877516237859,247.229320675114,247.229320675114,0.5,0.5,1,16
"99","119",-33.4388333,115.5567333,"Turf.algae",-10,0.172678507900981,0.172678507900981,296.75084298868,296.75084298868,-0.375,0.625,2,32
"100","11R1",-33.35885,115.3694,"Unconsolidated",-31,0.0402562376462614,0.0402562376462614,310.0595958905,310.0595958905,-0.125,0.125,1,32
"101","11R2",-33.3967333,115.5076167,"Seagrasses",-19,0.0805327785531551,0.0805327785531551,310.047426813906,310.047426813906,0,0.25,2,32
"102","11R3",-33.41215,115.5204667,"Seagrasses",-15,0.123318814426151,0.123318814426151,270,270,-0.125,0.375,2,32
"103","11R4",-33.4197,115.51755,"Macroalgae",-14,0.0402725220149081,0.0402725220149081,310.040117477539,310.040117477539,0.125,0.125,1,32
"104","12",-33.40395,115.2615667,"Unconsolidated",-38,0.096041692055934,0.096041692055934,254.34998556729,254.34998556729,0.25,0.25,1,16
"105","122",-33.5375,115.4020833,"Seagrasses",-14,0.123500410091687,0.123500410091687,270,270,-0.625,0.625,1,32
"106","12RC1",-33.5932167,115.2132833,"Consolidated",-16,0.159283553829291,0.159283553829291,324.416979706832,324.416979706832,0.375,0.625,2,16
"107","12RC2",-33.5916,115.23785,"Seagrasses",-18,0.216278938472026,0.216278938472026,16.5997746134281,16.5997746134281,0,0.75,3,64
"108","12RC3",-33.5914667,115.24145,"Turf.algae",-18,0.155449281047568,0.155449281047568,360,360,0.125,0.625,2,64
"109","12RC5",-33.5621333,115.3443,"Turf.algae",-16,0.161245242871094,0.161245242871094,309.993687454081,309.993687454081,-0.5,0.75,2,32
"110","12RC6",-33.5711,115.3481333,"Turf.algae",-14,4.96961668978674e-17,4.96961668978674e-17,270,270,0,0,0,128
"111","12RC7",-33.5118,115.41785,"Turf.algae",-14,0.167257627730661,0.167257627730661,338.341461320219,338.341461320219,0,0.5,2,64
"112","12RC8",-33.5148667,115.41815,"Macroalgae",-13,0.120626173622915,0.120626173622915,329.218473676152,329.218473676152,0.5,0.5,1,16
"113","12RC9",-33.5162167,115.4064167,"Turf.algae",-14,0.123468280503718,0.123468280503718,270,270,0.375,0.375,1,16
"114","13",-33.4501833,115.0925167,"Unconsolidated",-42,0.0616879026789518,0.0616879026789518,270,270,0,0.25,2,8
"115","135",-33.50185,115.4207333,"Turf.algae",-15,0.0402949997459231,0.0402949997459231,229.986734087641,229.986734087641,0.125,0.125,1,8
"116","138",-33.5808333,115.1139333,"Seagrasses",-15,0.159275741228457,0.159275741228457,35.5790920962319,35.5790920962319,0.625,0.625,2,1
"117","139",-33.60325,115.2736667,"Seagrasses",-13,0.207265312522184,0.207265312522184,1.27222187258541e-14,1.27222187258541e-14,0,0.75,2,64
"118","13RC1",-33.5059833,115.43075,"Turf.algae",-14,0.0402963652686092,0.0402963652686092,229.988364015441,229.988364015441,-0.25,0.25,1,16
"119","13RC11",-33.3740333,115.36925,"Seagrasses",-31,0.0402603037704671,0.0402603037704671,310.054730232035,310.054730232035,-0.125,0.125,1,64
"120","13RC12",-33.3743667,115.3668167,"Seagrasses",-31,0,0,90,90,0,0,0,64
"121","13RC15",-33.3768333,115.3559333,"Seagrasses",-32,0.0616346536827694,0.0616346536827694,270,270,-0.25,0.25,1,64
"122","13RC2",-33.49485,115.45595,"Turf.algae",-13,0.103632995297272,0.103632995297272,180,180,0.125,0.375,2,4
"123","13RC3",-33.4839333,115.45155,"Turf.algae",-14,0.0402902233322972,0.0402902233322972,49.9810316452612,49.9810316452612,-0.125,0.125,1,128
"124","13RC4",-33.4993833,115.3964667,"Seagrasses",-19,0.120882791938556,0.120882791938556,310.014080766493,310.014080766493,0.625,0.625,1,16
"125","13RC5",-33.4839333,115.4656167,"Seagrasses",-14,0.133857801597358,0.133857801597358,67.2257784569864,67.2257784569864,0.125,0.375,2,1
"126","13RC6",-33.3809667,115.3892333,"Unconsolidated",-30,1.9878466759147e-16,1.9878466759147e-16,270,270,0,0,0,128
"127","13RC7",-33.3774333,115.38605,"Seagrasses",-30,0,0,90,90,0,0,0,16
"128","13RC8",-33.3726,115.3791,"Unconsolidated",-31,0,0,90,90,0,0,0,64
"129","13RC9",-33.3730667,115.3747833,"Unconsolidated",-31,0.0402603037704671,0.0402603037704671,49.945269767965,49.945269767965,-0.125,0.125,1,128
"130","14",-33.5296667,115.4130333,"Turf.algae",-13,9.93923337957349e-17,9.93923337957349e-17,270,270,0,0,0,128
"131","143",-33.5761667,115.2367,"Turf.algae",-23,0.161261686904371,0.161261686904371,309.988786249312,309.988786249312,-0.75,0.75,2,16
"132","144",-33.5342333,115.4323167,"Seagrasses",-12,0.120633480815542,0.120633480815542,329.212647889896,329.212647889896,-0.125,0.375,2,32
"133","15",-33.5782333,115.2147833,"Seagrasses",-22,0.167275436389316,0.167275436389316,21.6738942667649,21.6738942667649,0,0.5,2,64
"134","151",-33.4768,115.4328833,"Turf.algae",-17,0.238091419458796,0.238091419458796,319.615284694098,319.615284694098,0.25,0.75,3,16
"135","154",-33.6033667,115.19675,"Turf.algae",-13,0.133175140726533,0.133175140726533,13.4156082424229,13.4156082424229,-0.25,0.5,2,128
"136","16",-33.3889,115.4986167,"Turf.algae",-20,1.9878466759147e-16,1.9878466759147e-16,270,270,0,0,0,128
"137","160",-33.6033667,115.2477833,"Seagrasses",-15,0.155449281047568,0.155449281047568,6.36110936292703e-14,6.36110936292703e-14,-0.25,0.5,2,64
"138","167",-33.4627333,115.4805667,"Seagrasses",-15,0.133163550152178,0.133163550152178,13.3946840422429,13.3946840422429,0,0.5,2,128
"139","17",-33.3635833,115.23265,"Unconsolidated",-39,0.0960007337412579,0.0960007337412579,285.656862736189,285.656862736189,0,0.25,2,16
"140","170",-33.54165,115.3698333,"Seagrasses",-17,0.20364263668702,0.20364263668702,332.944436450719,332.944436450719,0.25,0.75,2,16
"141","175",-33.5518167,115.12275,"Unconsolidated",-29,0.183967443722993,0.183967443722993,350.336981328181,350.336981328181,-0.875,0.875,2,64
"142","176",-33.59,115.1290667,"Seagrasses",-14,0.361959328614069,0.361959328614069,30.8041294426187,30.8041294426187,0.125,1.375,4,1
"143","18",-33.3926,115.0981333,"Unconsolidated",-43,0.123293978823637,0.123293978823637,270,270,0.375,0.375,1,16
"144","183",-33.5687667,115.2488,"Seagrasses",-22,1.9878466759147e-16,1.9878466759147e-16,90,90,0,0,0,16
"145","19",-33.4605,115.3618,"Unconsolidated",-27,0.0402840888882871,0.0402840888882871,310.026294799136,310.026294799136,-0.125,0.125,1,32
"146","192",-33.4273167,115.5755833,"Macroalgae",-8,0.439964351887486,0.439964351887486,294.343263300896,294.343263300896,-0.25,1.5,5,16
"147","196",-33.5098167,115.4045,"Seagrasses",-16,0.291771159205795,0.291771159205795,302.193128788611,302.193128788611,0.25,1,3,16
"148","199",-33.5975167,115.2108833,"Turf.algae",-15,0.207265312522184,0.207265312522184,360,360,0,0.75,2,64
"149","2",-33.4405333,115.10095,"Sponges",-41,0.133802025611922,0.133802025611922,292.784249217851,292.784249217851,0.5,0.5,1,16
"150","20",-33.4338667,115.2221167,"Unconsolidated",-37,0.0616754602313235,0.0616754602313235,270,270,0.125,0.125,1,16
"151","202",-33.5779333,115.4117167,"Seagrasses",-9,0.133982917090279,0.133982917090279,292.751760720358,292.751760720358,0.125,0.375,2,16
"152","207",-33.5738333,115.23165,"Unconsolidated",-23,0.0518165400284704,0.0518165400284704,1.01777749806833e-13,1.01777749806833e-13,0.125,0.125,1,64
"153","208",-33.3873,115.5742333,"Seagrasses",-13,0.120579788992058,0.120579788992058,329.255494333854,329.255494333854,-0.125,0.375,2,32
"154","21",-33.3857167,115.39765,"Unconsolidated",-29,0.0402636947358038,0.0402636947358038,310.050673508051,310.050673508051,0.125,0.125,1,32
"155","218",-33.5954833,115.3030667,"Seagrasses",-14,0.0836402108019319,0.0836402108019319,338.322116813822,338.322116813822,0.25,0.25,1,64
"156","22",-33.57455,115.1806667,"Turf.algae",-23,0.133172648772094,0.133172648772094,346.588887414541,346.588887414541,0.25,0.5,2,64
"157","224",-33.4189,115.5035833,"Turf.algae",-16,0.12059157997597,0.12059157997597,329.246077163398,329.246077163398,0.5,0.5,1,16
"158","23",-33.5041833,115.4289333,"Unconsolidated",-14,0.156472715088617,0.156472715088617,279.530729183084,279.530729183084,0.125,0.375,2,16
"159","234",-33.6031667,115.3602167,"Seagrasses",-9,0.120969041606585,0.120969041606585,309.979793857342,309.979793857342,0.375,0.375,1,16
"160","236",-33.4949167,115.4766833,"Seagrasses",-13,0.103632995297272,0.103632995297272,360,360,0.375,0.375,1,64
"161","24",-33.47115,115.2861667,"Unconsolidated",-30,1.9878466759147e-16,1.9878466759147e-16,90,90,0,0,0,128
"162","240",-33.4387833,115.4684667,"Turf.algae",-19,0.19844771979047,0.19844771979047,321.566016606256,321.566016606256,0.125,0.625,2,16
"163","247",-33.5561,115.1345167,"Unconsolidated",-28,0.103632995297272,0.103632995297272,1.65388843436103e-13,1.65388843436103e-13,-0.375,0.375,1,1
"164","25",-33.3833333,115.0827833,"Unconsolidated",-43,0.0960212025923875,0.0960212025923875,105.653439548702,105.653439548702,0.25,0.25,1,1
"165","256",-33.4083167,115.4774833,"Turf.algae",-20,0.192093095491709,0.192093095491709,285.649157852414,285.649157852414,0.75,0.75,2,16
"166","26",-33.5500333,115.3236167,"Turf.algae",-20,0.0836342643893011,0.0836342643893011,338.332367508271,338.332367508271,0.25,0.25,1,64
"167","267",-33.5707,115.1362,"Unconsolidated",-23,0.241293339469129,0.241293339469129,30.79828910006,30.79828910006,0.375,0.875,3,1
"168","27",-33.5463667,115.1883833,"Unconsolidated",-29,0.15925389560273,0.15925389560273,324.431895988685,324.431895988685,-0.625,0.625,2,64
"169","270",-33.52045,115.4206,"Seagrasses",-13,0.0518165400284704,0.0518165400284704,360,360,-0.125,0.125,1,128
"170","271",-33.5937,115.2133167,"Turf.algae",-16,0.159283553829291,0.159283553829291,324.416979706832,324.416979706832,0.375,0.625,2,16
"171","272",-33.3815,115.4879333,"Turf.algae",-22,0.123276252271077,0.123276252271077,270,270,-0.375,0.375,1,64
"172","279",-33.5011833,115.4379167,"Turf.algae",-13,0.0402949997459231,0.0402949997459231,229.986734087641,229.986734087641,0.125,0.125,1,8
"173","28",-33.42715,115.2872833,"Unconsolidated",-35,0.0836178298122571,0.0836178298122571,338.36072980764,338.36072980764,-0.25,0.25,1,64
"174","282",-33.5571833,115.3322333,"Seagrasses",-18,0.120641711546473,0.120641711546473,329.206087831989,329.206087831989,0.5,0.5,1,16
"175","287",-33.5940333,115.2189,"Seagrasses",-16,0.183969996713844,0.183969996713844,9.6676872930853,9.6676872930853,0.125,0.625,2,64
"176","288",-33.4709833,115.4775833,"Turf.algae",-14,0,0,90,90,0,0,0,128
"177","29",-33.4869667,115.1764,"Macroalgae",-34,0.0836257031684122,0.0836257031684122,158.347136402153,158.347136402153,-0.25,0.25,1,8
"178","295",-33.5555333,115.46605,"Turf.algae",-4,0.229717170305604,0.229717170305604,289.776275681584,289.776275681584,0.25,0.75,2,16
"179","298",-33.5825167,115.1301333,"Turf.algae",-18,0.207265312522184,0.207265312522184,0,0,0,0.75,2,64
"180","3",-33.4920833,115.3549,"Unconsolidated",-24,0.0805844997710027,0.0805844997710027,310.016524889862,310.016524889862,0.375,0.375,1,16
"181","30",-33.42405,115.33405,"Unconsolidated",-32,0,0,90,90,0,0,0,8
"182","304",-33.5958333,115.1453667,"Turf.algae",-13,0.235211114405662,0.235211114405662,7.54774941964836,7.54774941964836,-0.125,0.875,3,64
"183","31",-33.5986333,115.2369167,"Unconsolidated",-15,0.103632995297272,0.103632995297272,360,360,0.375,0.375,1,64
"184","314",-33.5869,115.1628333,"Seagrasses",-20,0.133173686537454,0.133173686537454,346.587015014375,346.587015014375,0.25,0.5,2,64
"185","316",-33.3839667,115.5281667,"Turf.algae",-17,0.0805259929523206,0.0805259929523206,310.051484998945,310.051484998945,0,0.25,2,32
"186","32",-33.4807833,115.46205,"Seagrasses",-14,0.0836250459823101,0.0836250459823101,201.651729370009,201.651729370009,-0.25,0.25,1,32
"187","320",-33.4417833,115.49575,"Seagrasses",-15,0.0960801654259131,0.0960801654259131,285.643587143188,285.643587143188,-0.375,0.375,1,2
"188","327",-33.4892333,115.3942,"Turf.algae",-22,0.103632995297272,0.103632995297272,5.08888749034163e-14,5.08888749034163e-14,-0.375,0.375,1,128
"189","33",-33.3527667,115.3204833,"Turf.algae",-35,0.0518165400284704,0.0518165400284704,0,0,-0.25,0.25,1,64
"190","330",-33.5691167,115.104,"Turf.algae",-21,0.454059738201298,0.454059738201298,24.0868605607901,24.0868605607901,-0.875,1.625,6,128
"191","331",-33.6030833,115.2530333,"Seagrasses",-14,0.198594221982475,0.198594221982475,321.512784735973,321.512784735973,0.125,0.625,2,16
"192","335",-33.5771167,115.2266667,"Turf.algae",-23,0.103632995297272,0.103632995297272,360,360,-0.375,0.375,1,1
"193","34",-33.3845167,115.0739,"Unconsolidated",-44,0.0960212025923873,0.0960212025923873,74.3465604512976,74.3465604512976,-0.75,0.75,1,1
"194","346",-33.6092,115.2392833,"Seagrasses",-13,0.133175556491679,0.133175556491679,346.583641849018,346.583641849018,0.25,0.5,2,64
"195","35",-33.4055,115.4157167,"Turf.algae",-28,0.0518165400284703,0.0518165400284703,1.01777749806833e-13,1.01777749806833e-13,-1,1,2,16
"196","352",-33.4517667,115.4879833,"Seagrasses",-14,0.0805626899229661,0.0805626899229661,310.02954909505,310.02954909505,0.375,0.375,1,64
"197","36",-33.4269,115.20765,"Unconsolidated",-38,0,0,90,90,0,0,0,128
"198","362",-33.627,115.2948,"Seagrasses",-9,0.207265312522184,0.207265312522184,0,0,0,0.75,2,64
"199","368",-33.5725167,115.45125,"Turf.algae",-3,NA,NA,NA,NA,NA,NA,3,1
"200","37",-33.3585,115.3721,"Unconsolidated",-31,0.120768553958525,0.120768553958525,310.0595958905,310.0595958905,-0.375,0.375,1,128
"201","375",-33.5902167,115.2205667,"Seagrasses",-17,0.235210879184599,0.235210879184599,7.54731696414231,7.54731696414231,0.125,0.875,3,128
"202","378",-33.5555833,115.3912,"Seagrasses",-13,0.0806200418678492,0.0806200418678492,309.995320603052,309.995320603052,-0.375,0.375,1,128
"203","38",-33.5036833,115.1274333,"Unconsolidated",-35,0.0836280048587479,0.0836280048587479,338.343164534985,338.343164534985,-0.25,0.25,1,128
"204","384",-33.4274667,115.51415,"Turf.algae",-14,0.0960673329017312,0.0960673329017312,285.645730326148,285.645730326148,-0.25,0.25,1,64
"205","39",-33.465,115.43285,"Unconsolidated",-19,0.161141407488472,0.161141407488472,310.024667212386,310.024667212386,0.25,0.5,2,16
"206","391",-33.50165,115.4101333,"Seagrasses",-17,0.241768603387249,0.241768603387249,310.013265912359,310.013265912359,0,0.75,2,16
"207","394",-33.5181,115.3820167,"Seagrasses",-19,0.0805995215182112,0.0805995215182112,310.007559884332,310.007559884332,0,0.25,2,32
"208","395",-33.6072833,115.3444333,"Seagrasses",-9,0.120971101163972,0.120971101163972,309.978975927502,309.978975927502,0.625,0.625,1,16
"209","399",-33.6143333,115.31295,"Seagrasses",-11,0.120977281512315,0.120977281512315,309.976521698239,309.976521698239,-0.375,0.375,1,128
"210","4",-33.3921,115.2280833,"Unconsolidated",-40,0.172603220727589,0.172603220727589,296.763441047085,296.763441047085,0.375,0.625,2,16
"211","40",-33.4719667,115.2287167,"Unconsolidated",-34,0.133164168593958,0.133164168593958,13.3958014034832,13.3958014034832,-0.25,0.5,2,128
"212","400",-33.3575833,115.5516833,"Turf.algae",-16,0.0402562376462614,0.0402562376462614,310.0595958905,310.0595958905,0.125,0.125,1,32
"213","407",-33.4881667,115.4274667,"Seagrasses",-16,0.172757957998395,0.172757957998395,296.737561753853,296.737561753853,0.625,0.625,2,16
"214","41",-33.36785,115.0985833,"Unconsolidated",-43,0.201293945082236,0.201293945082236,229.943647589675,229.943647589675,0.25,0.75,2,16
"215","416",-33.6147833,115.2806167,"Seagrasses",-12,0.103632995297272,0.103632995297272,0,0,-0.375,0.375,1,64
"216","42",-33.5425167,115.3862333,"Seagrasses",-13,0.0518165400284704,0.0518165400284704,0,0,0.375,0.375,1,64
"217","428",-33.45045,115.5572167,"Turf.algae",-8,0.172698351132777,0.172698351132777,296.747524614727,296.747524614727,0.375,0.625,2,16
"218","432",-33.4270333,115.4686,"Seagrasses",-20,0.133782368934019,0.133782368934019,292.787785358318,292.787785358318,0.125,0.375,2,16
"219","439",-33.6309333,115.2730667,"Seagrasses",-8,0.083644846804585,0.083644846804585,338.314129273244,338.314129273244,0.25,0.25,1,64
"220","44",-33.3984333,115.30965,"Unconsolidated",-35,0.120584321356392,0.120584321356392,329.251873919571,329.251873919571,0.125,0.375,2,64
"221","442",-33.5066,115.41935,"Seagrasses",-14,0.161185062434892,0.161185062434892,310.011635984559,310.011635984559,1,1,2,16
"222","443",-33.5698,115.2024833,"Seagrasses",-24,0.0836365749923872,0.0836365749923872,338.328383664998,338.328383664998,0.25,0.25,1,64
"223","448",-33.3965,115.4930667,"Turf.algae",-20,0.120583414620696,0.120583414620696,329.252598159824,329.252598159824,-0.125,0.375,2,32
"224","45",-33.4445667,115.13165,"Unconsolidated",-41,0.0836201233078733,0.0836201233078733,158.356768967928,158.356768967928,0,0.25,2,4
"225","451",-33.41975,115.5529,"Seagrasses",-14,4.96961668978674e-17,4.96961668978674e-17,270,270,0,0,0,128
"226","455",-33.5671333,115.1820333,"Unconsolidated",-25,0.133172026489021,0.133172026489021,13.409989686935,13.409989686935,0.5,0.75,2,16
"227","46",-33.4028,115.3493,"Unconsolidated",-34,0.0836148845352511,0.0836148845352511,201.634182402639,201.634182402639,-0.5,0.5,1,16
"228","463",-33.51505,115.50435,"Unconsolidated",-7,0.384623904654517,0.384623904654517,285.630712233826,285.630712233826,-0.25,1,5,16
"229","47",-33.5485,115.2877667,"Unconsolidated",-24,0.159255454556468,0.159255454556468,324.431111656317,324.431111656317,-0.375,0.625,2,32
"230","474",-33.4681167,115.5436,"Turf.algae",-7,0.123400568707689,0.123400568707689,270,270,0.125,0.375,2,8
"231","48",-33.40275,115.5133833,"Turf.algae",-18,0.103632995297272,0.103632995297272,5.08888749034163e-14,5.08888749034163e-14,-0.375,0.375,1,128
"232","480",-33.3475833,115.5777,"Seagrasses",-13,0.133681049635191,0.133681049635191,292.806030157627,292.806030157627,0.5,0.5,1,16
"233","49",-33.3809167,115.2720667,"Unconsolidated",-38,0.120786855168618,0.120786855168618,49.947703583212,49.947703583212,-0.625,0.625,1,1
"234","490",-33.5613,115.3612,"Turf.algae",-13,0.120643542057119,0.120643542057119,329.204629171189,329.204629171189,0.5,0.5,1,16
"235","492",-33.4637833,115.4974833,"Unconsolidated",-14,0.0805695004172467,0.0805695004172467,229.974518957671,229.974518957671,0.25,0.25,1,16
"236","496",-33.4851167,115.4752333,"Seagrasses",-14,0.0961264294003775,0.0961264294003775,285.635865449831,285.635865449831,0.25,0.25,1,16
"237","499",-33.45165,115.5441167,"Seagrasses",-11,0.1672418577001,0.1672418577001,338.35507048156,338.35507048156,-0.125,0.625,3,32
"238","5",-33.3627833,115.45495,"Unconsolidated",-26,0,0,90,90,0,0,0,4
"239","50",-33.4108,115.1742333,"Seagrasses",-41,0.133762727349771,0.133762727349771,292.791319913218,292.791319913218,0.5,0.5,1,16
"240","503",-33.5845333,115.3097667,"Seagrasses",-17,0.161269913940232,0.161269913940232,309.986334658002,309.986334658002,0.25,0.5,2,16
"241","506",-33.5173833,115.4165,"Turf.algae",-13,0.0836296503900479,0.0836296503900479,338.340325514918,338.340325514918,0.25,0.25,1,64
"242","51",-33.4315667,115.41365,"Turf.algae",-25,0.0836184848533097,0.0836184848533097,201.640401533058,201.640401533058,0.5,0.5,1,4
"243","512",-33.5094,115.4873333,"Unconsolidated",-10,0.0836286629245211,0.0836286629245211,338.342029124226,338.342029124226,0.25,0.25,1,64
"244","52",-33.49265,115.2982,"Unconsolidated",-28,0.12087869705312,0.12087869705312,310.015710255241,310.015710255241,-0.375,0.375,1,64
"245","523",-33.5634333,115.1589167,"Seagrasses",-26,0.120644457511562,0.120644457511562,329.203899722093,329.203899722093,0.5,0.5,1,16
"246","527",-33.5894167,115.2078167,"Seagrasses",-19,0.310896273628997,0.310896273628997,0,0,-0.375,1.125,3,64
"247","528",-33.48105,115.4971,"Seagrasses",-14,0.123418372176575,0.123418372176575,270,270,0.125,0.375,2,16
"248","53",-33.3582167,115.3565167,"Unconsolidated",-31,0.0805124355473997,0.0805124355473997,229.9404041095,229.9404041095,1,1,2,16
"249","538",-33.5839167,115.3846667,"Unconsolidated",-11,0.133173478921667,0.133173478921667,13.4126104153056,13.4126104153056,0.25,0.5,2,64
"250","54",-33.51305,115.1532,"Seagrasses",-33,0.120626173622915,0.120626173622915,329.218473676152,329.218473676152,-0.5,0.5,1,64
"251","543",-33.5950333,115.2434,"Turf.algae",-16,0.167280065129555,0.167280065129555,338.322116813822,338.322116813822,0.375,0.625,3,32
"252","544",-33.4464167,115.43405,"Unconsolidated",-23,0.0960853006960297,0.0960853006960297,285.64272965915,285.64272965915,0.25,0.25,1,16
"253","55",-33.5708667,115.2801167,"Seagrasses",-22,0.207265312522184,0.207265312522184,360,360,0,0.75,2,64
"254","551",-33.5735167,115.3901333,"Seagrasses",-12,4.96961668978674e-17,4.96961668978674e-17,90,90,0,0,0,64
"255","554",-33.55765,115.3835167,"Seagrasses",-13,0.0962011864746961,0.0962011864746961,285.623404423429,285.623404423429,0.25,0.25,1,16
"256","56",-33.4953,115.2224167,"Unconsolidated",-31,0.0836270181268016,0.0836270181268016,338.344867158085,338.344867158085,0.5,0.5,1,1
"257","560",-33.4381667,115.5268667,"Seagrasses",-14,0.0402779619274689,0.0402779619274689,310.03361531969,310.03361531969,0.25,0.25,1,64
"258","567",-33.5866833,115.2760167,"Seagrasses",-18,0.133173686537454,0.133173686537454,346.587015014375,346.587015014375,0.25,0.5,2,64
"259","570",-33.5731333,115.1625333,"Seagrasses",-24,0.207265312522184,0.207265312522184,2.54444374517081e-14,2.54444374517081e-14,0,0.75,2,64
"260","572",-33.3913,115.5492167,"Seagrasses",-15,0.0402650517659324,0.0402650517659324,130.049050307098,130.049050307098,-0.125,0.125,1,64
"261","579",-33.5017167,115.37405,"Seagrasses",-22,0.133880803483671,0.133880803483671,292.770088801062,292.770088801062,0.125,0.375,2,16
"262","58",-33.56965,115.3795833,"Seagrasses",-13,0,0,90,90,-0.25,0.25,1,64
"263","583",-33.47835,115.3932,"Turf.algae",-22,0.0836247174625049,0.0836247174625049,338.348837645384,338.348837645384,0.25,0.25,1,64
"264","586",-33.5309167,115.38595,"Seagrasses",-16,0.2678391032932,0.2678391032932,292.762999080233,292.762999080233,-0.125,0.875,3,16
"265","587",-33.5934667,115.1873833,"Seagrasses",-16,0.103632995297272,0.103632995297272,360,360,0.625,0.625,1,16
"266","592",-33.5185,115.4460167,"Seagrasses",-12,0.0402997806962224,0.0402997806962224,310.007559884333,310.007559884333,0.125,0.125,1,32
"267","599",-33.5021167,115.4508,"Turf.algae",-13,0.217579343939695,0.217579343939695,96.838692618445,96.838692618445,-0.375,0.875,2,1
"268","6",-33.4070833,115.1204167,"Unconsolidated",-44,0.172626975607994,0.172626975607994,116.759464724825,116.759464724825,-0.5,0.5,3,8
"269","60",-33.3626167,115.5049333,"Seagrasses",-22,0.0960007337412586,0.0960007337412586,285.656862736189,285.656862736189,0.125,0.375,3,32
"270","602",-33.6202,115.25615,"Turf.algae",-10,0.207265312522184,0.207265312522184,1.27222187258541e-14,1.27222187258541e-14,0,0.75,2,64
"271","608",-33.4551833,115.4702833,"Seagrasses",-17,0.133162931990465,0.133162931990465,346.606432914813,346.606432914813,-0.5,0.75,2,32
"272","61",-33.4992833,115.1345167,"Unconsolidated",-36,0.156463924848581,0.156463924848581,279.531269622274,279.531269622274,-1.5,1.5,3,8
"273","611",-33.5421333,115.4590333,"Turf.algae",-8,0.0403059343053731,0.0403059343053731,310.000218292408,310.000218292408,-0.125,0.125,1,32
"274","615",-33.5980667,115.3327667,"Seagrasses",-11,4.96961668978674e-17,4.96961668978674e-17,90,90,0,0,0,16
"275","618",-33.5678833,115.3528167,"Turf.algae",-15,0.0806268912663191,0.0806268912663191,309.991237181314,309.991237181314,-1.375,1.375,2,32
"276","62",-33.4505,115.3306833,"Unconsolidated",-30,0.103632995297272,0.103632995297272,360,360,0.375,0.375,1,64
"277","623",-33.6129333,115.1556167,"Seagrasses",-8,0.299687597322664,0.299687597322664,18.0194125988613,18.0194125988613,-0.125,1.125,3,1
"278","624",-33.4209667,115.4918833,"Turf.algae",-17,0.120592487895468,0.120592487895468,30.7546477854889,30.7546477854889,0.5,0.5,1,1
"279","63",-33.50385,115.2562,"Unconsolidated",-30,0.133884091150307,0.133884091150307,247.230501766801,247.230501766801,0.5,0.5,1,16
"280","631",-33.5778833,115.2541167,"Macroalgae",-20,0.133173063784176,0.133173063784176,346.588138589894,346.588138589894,0.25,0.5,2,64
"281","633",-33.4711667,115.4535,"Turf.algae",-16,0.167247108128307,0.167247108128307,338.350538297536,338.350538297536,0,0.5,2,64
"282","634",-33.5336667,115.4141167,"Turf.algae",-13,9.93923337957349e-17,9.93923337957349e-17,270,270,0,0,0,128
"283","635",-33.5809667,115.1995667,"Seagrasses",-21,0.207265312522184,0.207265312522184,360,360,0,0.75,2,64
"284","64",-33.4364167,115.50945,"Seagrasses",-14,0.0836191400890587,0.0836191400890587,338.358466864038,338.358466864038,0.25,0.25,1,64
"285","640",-33.5162,115.4646167,"Seagrasses",-11,0.133900535797651,0.133900535797651,292.766544733319,292.766544733319,0.125,0.375,2,16
"286","647",-33.4926,115.42465,"Seagrasses",-16,0.198496402024245,0.198496402024245,321.548312189584,321.548312189584,-0.125,0.625,2,64
"287","65",-33.3597167,115.2047667,"Unconsolidated",-39,0.216231695452186,0.216231695452186,163.442269513853,163.442269513853,0.875,0.875,2,1
"288","650",-33.5131167,115.3715667,"Seagrasses",-21,0.080596788624315,0.080596788624315,310.00919054399,310.00919054399,0,0.25,2,32
"289","655",-33.5812,115.2456833,"Seagrasses",-20,0.161267171223017,0.161267171223017,309.987151928366,309.987151928366,0.25,0.5,2,16
"290","656",-33.3713167,115.5503833,"Seagrasses",-16,0.192016275141747,0.192016275141747,74.3444207331056,74.3444207331056,-0.125,0.625,2,1
"291","666",-33.5511167,115.35715,"Unconsolidated",-15,0.201542560265673,0.201542560265673,309.996953459083,309.996953459083,0.625,0.875,3,16
"292","67",-33.4783167,115.0859333,"Unconsolidated",-40,0.123414810601898,0.123414810601898,270,270,-0.125,0.375,2,16
"293","672",-33.4004333,115.53565,"Seagrasses",-14,0.040267766930726,0.040267766930726,49.954196971543,49.954196971543,0.875,0.875,1,16
"294","679",-33.4721333,115.4152667,"Unconsolidated",-21,0.192221451989328,0.192221451989328,285.63844043181,285.63844043181,0,0.5,2,16
"295","68",-33.3881667,115.2426,"Unconsolidated",-39,0,0,90,90,0,0,0,64
"296","682",-33.5696167,115.3354167,"Turf.algae",-15,0.120646288818788,0.120646288818788,329.202440586475,329.202440586475,0.625,0.625,2,32
"297","684",-33.5845333,115.1735,"Unconsolidated",-21,0.203663380016085,0.203663380016085,27.0669870896301,27.0669870896301,0.25,0.75,2,1
"298","688",-33.6026333,115.3181333,"Unconsolidated",-12,0.120969041606585,0.120969041606585,309.979793857342,309.979793857342,0.375,0.375,1,16
"299","69",-33.3534333,115.4040333,"Unconsolidated",-30,0.0959905070391735,0.0959905070391735,285.658573606664,285.658573606664,-0.25,0.25,1,64
"300","694",-33.5280667,115.34985,"Turf.algae",-21,0.183966094804341,0.183966094804341,350.3394490329,350.3394490329,0.125,0.625,2,64
"301","698",-33.5246167,115.4035333,"Seagrasses",-14,0.0836306382960011,0.0836306382960011,338.338621313651,338.338621313651,0.25,0.25,1,64
"302","7",-33.4204833,115.4457,"Unconsolidated",-23,0.0616665793628743,0.0616665793628743,270,270,0.875,0.875,1,16
"303","70",-33.4158833,115.1513667,"Unconsolidated",-41,0.040271842440748,0.040271842440748,229.959070081657,229.959070081657,0.125,0.125,1,8
"304","704",-33.48475,115.5324,"Seagrasses",-7,9.93923337957349e-17,9.93923337957349e-17,90,90,0.5,0.5,1,16
"305","71",-33.4270833,115.4286667,"Turf.algae",-25,0.103632995297272,0.103632995297272,2.16277718339519e-13,2.16277718339519e-13,-0.375,0.375,1,64
"306","711",-33.36945,115.5666,"Unconsolidated",-14,0.0518165400284704,0.0518165400284704,180,180,0.875,0.875,1,16
"307","714",-33.5792667,115.1468167,"Seagrasses",-22,0.183969094905834,0.183969094905834,350.333961561599,350.333961561599,-0.125,0.625,2,64
"308","719",-33.6009667,115.23245,"Unconsolidated",-15,0.0403223806978944,0.0403223806978944,50.0193882861029,50.0193882861029,-0.125,0.125,1,2
"309","72",-33.4624833,115.32235,"Unconsolidated",-29,0.133163550152178,0.133163550152178,13.3946840422429,13.3946840422429,0.25,0.5,2,64
"310","720",-33.3599,115.58345,"Unconsolidated",-15,0.0402562376462616,0.0402562376462616,229.9404041095,229.9404041095,-0.625,0.625,1,64
"311","73",-33.3718,115.1456,"Unconsolidated",-42,0.0616311107716441,0.0616311107716441,270,270,0.625,0.625,1,16
"312","735",-33.5620333,115.1433167,"Unconsolidated",-27,0.103632995297272,0.103632995297272,360,360,-0.375,0.375,1,128
"313","736",-33.3850833,115.5606333,"Seagrasses",-15,0.21729519220212,0.21729519220212,263.152321705005,263.152321705005,0.125,0.625,2,16
"314","746",-33.5794333,115.3570667,"Unconsolidated",-13,9.93923337957349e-17,9.93923337957349e-17,90,90,0,0,0,32
"315","748",-33.3695667,115.5138333,"Seagrasses",-20,0.120776685071825,0.120776685071825,310.056352410325,310.056352410325,0.375,0.375,1,16
"316","75",-33.5893333,115.29455,"Seagrasses",-17,0.120653619361851,0.120653619361851,329.196600877373,329.196600877373,-0.5,0.5,1,64
"317","752",-33.3765667,115.5914167,"Unconsolidated",-11,0.120576165465098,0.120576165465098,329.258389249022,329.258389249022,0.125,0.375,2,64
"318","755",-33.43385,115.4571167,"Turf.algae",-22,0.172670574206223,0.172670574206223,243.247830022881,243.247830022881,-0.75,0.75,2,4
"319","759",-33.5759,115.3173333,"Seagrasses",-16,0.161261686904372,0.161261686904372,309.988786249312,309.988786249312,0.5,0.75,2,16
"320","76",-33.41295,115.2846833,"Unconsolidated",-35,1.9878466759147e-16,1.9878466759147e-16,270,270,1,1,1,16
"321","762",-33.5198667,115.4149,"Turf.algae",-13,0.123471848692132,0.123471848692132,270,270,0.625,0.625,2,16
"322","764",-33.3744333,115.49605,"Seagrasses",-22,0.0402603037704672,0.0402603037704672,49.9452697679648,49.9452697679648,-0.125,0.125,1,16
"323","77",-33.45575,115.1029,"Unconsolidated",-41,1.9878466759147e-16,1.9878466759147e-16,90,90,0,0,0,64
"324","779",-33.5817167,115.2263667,"Turf.algae",-22,0.103632995297272,0.103632995297272,360,360,-0.375,0.375,1,32
"325","78",-33.5076,115.4437667,"Turf.algae",-13,0,0,90,90,0,0,0,64
"326","782",-33.5142,115.4368333,"Seagrasses",-13,0.0402984142472463,0.0402984142472463,229.99080945601,229.99080945601,-0.125,0.125,1,64
"327","783",-33.5817167,115.2263667,"Seagrasses",-22,0.103632995297272,0.103632995297272,360,360,-0.375,0.375,1,32
"328","784",-33.6014333,115.1773667,"Turf.algae",-16,0.349325409321891,0.349325409321891,344.612609253928,344.612609253928,-0.625,1.375,4,64
"329","79",-33.5874,115.2308833,"Unconsolidated",-20,0.235210644035095,0.235210644035095,352.453115385291,352.453115385291,-0.125,0.875,3,64
"330","791",-33.4851333,115.4435167,"Turf.algae",-14,0.241744037733974,0.241744037733974,310.018153939608,310.018153939608,0,0.75,2,16
"331","794",-33.6248167,115.2039333,"Seagrasses",-7,0.133176804541204,0.133176804541204,13.4186089615698,13.4186089615698,-0.25,0.5,2,128
"332","80",-33.3515833,115.5195333,"Seagrasses",-21,0.20127023434603,0.20127023434603,310.062027733862,310.062027733862,0.25,0.75,2,16
"333","800",-33.5731667,115.1934833,"Unconsolidated",-23,0.103632995297272,0.103632995297272,5.08888749034163e-14,5.08888749034163e-14,0.375,0.375,1,64
"334","807",-33.494,115.4907,"Turf.algae",-13,0.161171410086747,0.161171410086747,310.015710255242,310.015710255242,-0.5,0.75,2,32
"335","81",-33.3788167,115.23045,"Unconsolidated",-40,1.9878466759147e-16,1.9878466759147e-16,90,90,0,0,0,64
"336","810",-33.5513333,115.3766,"Turf.algae",-14,0.103632995297272,0.103632995297272,360,360,-0.375,0.375,1,128
"337","816",-33.3996,115.56325,"Unconsolidated",-14,0.217325999734641,0.217325999734641,276.846702930373,276.846702930373,0.125,0.625,2,16
"338","82",-33.3955167,115.1102833,"Unconsolidated",-43,0.0402664091642066,0.0402664091642066,310.047426813906,310.047426813906,0.125,0.375,2,8
"339","823",-33.5857333,115.2872167,"Seagrasses",-18,0.120652702578768,0.120652702578768,329.197331118159,329.197331118159,-0.5,0.5,1,16
"340","826",-33.5426833,115.4005833,"Seagrasses",-12,0.103632995297272,0.103632995297272,0,0,0.875,0.875,2,1
"341","828",-33.4174667,115.5295667,"Turf.algae",-14,0.0402725220149081,0.0402725220149081,310.040117477539,310.040117477539,-0.25,0.25,1,8
"342","83",-33.46935,115.37905,"Seagrasses",-24,0.120609763398864,0.120609763398864,329.231563212093,329.231563212093,0.5,0.5,1,16
"343","832",-33.4556167,115.5196833,"Seagrasses",-13,0.12060521259894,0.12060521259894,329.235194656362,329.235194656362,0.125,0.375,2,64
"344","839",-33.4873,115.4085,"Seagrasses",-20,0.161163223120504,0.161163223120504,310.018153939608,310.018153939608,-0.25,0.5,2,32
"345","84",-33.3964667,115.1924,"Unconsolidated",-41,0.0836139036511427,0.0836139036511427,158.367512348389,158.367512348389,-0.25,0.25,1,4
"346","842",-33.5681167,115.11485,"Unconsolidated",-22,0.389843534372999,0.389843534372999,4.54402653120787,4.54402653120787,-0.125,1.375,5,64
"347","843",-33.5999833,115.2586,"Turf.algae",-14,0.133174932891067,0.133174932891067,346.584766644072,346.584766644072,0.25,0.5,2,64
"348","848",-33.35185,115.5323,"Turf.algae",-19,0.0805083719101755,0.0805083719101755,310.062027733862,310.062027733862,0.25,0.25,1,16
"349","855",-33.4901,115.4357667,"Seagrasses",-15,0.120617963157134,0.120617963157134,329.225021641635,329.225021641635,-0.5,0.5,1,128
"350","858",-33.5573167,115.3461833,"Unconsolidated",-15,0.198551906873054,0.198551906873054,321.528145558589,321.528145558589,0.875,0.875,2,16
"351","86",-33.5405167,115.1785167,"Seagrasses",-29,0.103632995297272,0.103632995297272,0,0,-0.125,0.375,2,32
"352","864",-33.58325,115.3720667,"Seagrasses",-11,0.103632995297272,0.103632995297272,360,360,0.625,0.625,1,16
"353","87",-33.4896,115.4589333,"Turf.algae",-12,0.083626031834725,0.083626031834725,21.6534308103055,21.6534308103055,1,1,2,1
"354","879",-33.6168833,115.1828667,"Seagrasses",-8,0.120663712756555,0.120663712756555,30.8114370002382,30.8114370002382,-0.125,0.375,2,128
"355","88",-33.5010667,115.2145333,"Unconsolidated",-31,0.120621610930255,0.120621610930255,329.222112224544,329.222112224544,0.5,0.5,1,16
"356","880",-33.53655,115.4444,"Seagrasses",-10,0.120634394810804,0.120634394810804,329.211919310906,329.211919310906,0.5,0.5,1,16
"357","89",-33.3828167,115.0563833,"Unconsolidated",-44,0.0836122698155313,0.0836122698155313,201.629664375697,201.629664375697,0.25,0.25,1,4
"358","9",-33.3643333,115.1361167,"Unconsolidated",-42,0.155449281047567,0.155449281047567,0,0,0.25,0.5,2,64
"359","90",-33.5333167,115.3224833,"Seagrasses",-22,0.120633480815542,0.120633480815542,329.212647889896,329.212647889896,0.5,0.5,1,16
"360","91",-33.5396,115.2060833,"Unconsolidated",-29,1.9878466759147e-16,1.9878466759147e-16,90,90,0,0,0,128
"361","92",-33.4175833,115.3149833,"Unconsolidated",-34,0.0402725220149087,0.0402725220149087,49.959882522462,49.959882522462,-0.125,0.125,1,32
"362","93",-33.4813167,115.15275,"Unconsolidated",-36,0.0961212837843783,0.0961212837843783,105.636723897613,105.636723897613,-0.625,0.625,1,4
"363","95",-33.5175,115.3155333,"Turf.algae",-25,0.0402997806962224,0.0402997806962224,310.007559884332,310.007559884332,-0.125,0.125,1,128
"364","96",-33.4489,115.4808167,"Seagrasses",-16,0.201402624142933,0.201402624142933,310.030362486213,310.030362486213,0.25,0.75,2,16
"365","97",-33.38465,115.2926667,"Unconsolidated",-35,0.120578882913336,0.120578882913336,210.743781819351,210.743781819351,0.5,0.5,1,16
"366","98",-33.434,115.1726667,"Seagrasses",-37,0.172670574206224,0.172670574206224,296.752169977119,296.752169977119,0.75,0.75,2,16
"367","99",-33.3953,115.3990167,"Turf.algae",-28,0.0402664091642065,0.0402664091642065,310.047426813907,310.047426813907,0.625,0.625,1,64
"368","GBR1-1",-33.5936167,115.19625,"Turf.algae",-17,0.161280888529557,0.161280888529557,50.016935156127,50.016935156127,-0.5,0.75,2,128
"369","GBR1-2",-33.5936,115.1995333,"Turf.algae",-17,0.207265312522184,0.207265312522184,2.54444374517081e-14,2.54444374517081e-14,-0.25,0.75,3,64
"370","GBR1-3",-33.5937833,115.2022833,"Seagrasses",-17,0.287044151133093,0.287044151133093,334.499432707374,334.499432707374,-0.5,1,3,64
"371","GBR1-4",-33.59345,115.2055167,"Turf.algae",-16,0.159283553829291,0.159283553829291,35.5830202931684,35.5830202931684,0.375,0.625,2,1
"372","GBR2-1",-33.5938333,115.19065,"Turf.algae",-17,0.120960806169669,0.120960806169669,309.983064843873,309.983064843873,-0.625,0.625,1,32
"373","GBR2-2",-33.5940167,115.1883833,"Turf.algae",-17,0.120655453326963,0.120655453326963,30.8048598418213,30.8048598418213,-0.5,0.5,1,32
"374","GBR2-3",-33.5940667,115.1864833,"Turf.algae",-16,0.103632995297272,0.103632995297272,360,360,0.625,0.625,1,16
"375","GBR2-4",-33.59365,115.193,"Turf.algae",-16,0.0518165400284704,0.0518165400284704,360,360,0.5,0.5,1,1
"376","GBR3-1",-33.5944667,115.1819333,"Turf.algae",-18,0.212370080072667,0.212370080072667,299.207986266983,299.207986266983,-0.5,0.75,3,32
"377","GBR3-2",-33.59365,115.193,"Turf.algae",-16,0.0518165400284704,0.0518165400284704,360,360,0.5,0.5,1,1
"378","GBR3-3",-33.59365,115.1839667,"Turf.algae",-17,0.212370080072667,0.212370080072667,299.207986266983,299.207986266983,-0.125,0.625,2,16
"379","GBR4-1",-33.5933333,115.2080833,"Turf.algae",-17,0.120655453326963,0.120655453326963,30.8048598418213,30.8048598418213,-0.5,0.5,1,32
"380","GBR4-2",-33.5928333,115.2102333,"Turf.algae",-17,0.120655453326963,0.120655453326963,329.195140158179,329.195140158179,-0.5,0.5,1,64
"381","GBR5-1",-33.5932167,115.2119333,"Turf.algae",-17,0.120655453326963,0.120655453326963,329.195140158179,329.195140158179,-0.5,0.5,1,64
"382","GBR5-2",-33.5927333,115.2148,"Seagrasses",-16,0.159283553829291,0.159283553829291,324.416979706832,324.416979706832,0.375,0.625,2,16
"383","GBR5-3",-33.5924167,115.2175167,"Seagrasses",-17,0.207265312522184,0.207265312522184,2.54444374517081e-14,2.54444374517081e-14,0,0.75,2,64
"384","RB1",-33.53455,115.2176667,"Unconsolidated",-27,0.120911487257705,0.120911487257705,310.002666148592,310.002666148592,0.625,0.625,1,16
"385","RB2",-33.5085667,115.2254833,"Seagrasses",-30,0.0402970481688614,0.0402970481688614,49.989179089112,49.989179089112,0.125,0.125,1,128
"386","RC1",-33.4628,115.23995,"Unconsolidated",-35,0.0836227473686337,0.0836227473686337,338.352238358785,338.352238358785,-0.75,0.75,1,32
"387","RC2",-33.48635,115.1780333,"Seagrasses",-34,0.0402909053995079,0.0402909053995079,130.018153939608,130.018153939608,-0.125,0.125,1,128
"388","RC3",-33.4704833,115.1684167,"Unconsolidated",-35,0.0402868143834549,0.0402868143834549,229.97696066692,229.97696066692,-0.625,0.625,1,16
