"","cells","Class","n","coords.x1","coords.x2","ID","depth","slope4","slope8","aspect4","aspect8","tpi","tri","roughness","flowdir"
"1","13439","Unconsolidated",10,115.5521282,-33.4289051292308,1,-13,0.161100566387177,0.161100566387177,310.036865234375,310.036865234375,0.25,0.5,2,16
"2","13684","Seagrasses",8,115.551827075,-33.431090625625,2,-13,0.198441088199615,0.198441088199615,321.568420410156,321.568420410156,-0.5,0.75,3,32
"3","13929","Seagrasses",9,115.551877272727,-33.4336295463636,3,-12,0.198443308472633,0.198443308472633,321.567626953125,321.567626953125,-0.125,0.625,2,64
"4","14174","Turf.algae",13,115.551958817647,-33.4360313723529,4,-11,0.172674536705017,0.172674536705017,296.751495361328,296.751495361328,0.375,0.625,2,16
"5","14419","Turf.algae",9,115.551865625,-33.438543750625,5,-11,0.212080508470535,0.212080508470535,299.251739501953,299.251739501953,-0.125,0.625,2,16
"6","14664","Seagrasses",8,115.552078886667,-33.441074444,6,-10,0.172682479023933,0.172682479023933,296.750183105469,296.750183105469,0.625,0.625,2,16
"7","14909","Turf.algae",12,115.552269611765,-33.4435813717647,7,-10,0.156367376446724,0.156367376446724,279.537200927734,279.537200927734,0.25,0.5,2,16
"8","15154","Seagrasses",11,115.55237811875,-33.44616354125,8,-10,0.217443242669106,0.217443242669106,276.842987060547,276.842987060547,0.125,0.625,2,16
"9","15399","Turf.algae",11,115.552332364706,-33.4487343141176,9,-10,0.217449426651001,0.217449426651001,276.842803955078,276.842803955078,-0.125,0.625,2,16
"10","15644","Turf.algae",9,115.5517451,-33.4512,10,-10,0.161125063896179,0.161125063896179,310.029541015625,310.029541015625,-0.5,0.75,2,32
"11","15889","Unconsolidated",14,115.551348155556,-33.4536999994444,11,-9,0.103632993996143,0.103632993996143,360,360,0.125,0.375,2,64
"12","16134","Unconsolidated",8,115.551137258824,-33.4561029405882,12,-9,0.12060521543026,0.12060521543026,30.7648048400879,30.7648048400879,-0.5,0.5,1,64
"13","16379","Turf.algae",17,115.55058492381,-33.4586079366667,13,-8,0.183961912989616,0.183961912989616,9.65289115905762,9.65289115905762,-0.125,0.625,2,64
"14","16624","Turf.algae",12,115.550419695455,-33.4609204540909,14,-7,0.235204786062241,0.235204786062241,352.463897705078,352.463897705078,-0.125,0.875,3,64
"15","16817","Seagrasses",12,115.421012961111,-33.46364537,15,-22,0.120607942342758,0.120607942342758,329.233001708984,329.233001708984,-0.5,0.5,1,128
"16","16869","Turf.algae",5,115.550419042857,-33.4637642842857,16,-6,0.238076999783516,0.238076999783516,319.619354248047,319.619354248047,0,1,3,64
"17","17062","Seagrasses",5,115.422214271429,-33.4655380957143,17,-21,0.120608851313591,0.120608851313591,329.232299804688,329.232299804688,0.125,0.375,2,64
"18","17063","Seagrasses",4,115.4234,-33.46695,18,-21,0.161141410470009,0.161141410470009,310.024658203125,310.024658203125,-0.25,0.5,2,32
"19","17113","Turf.algae",4,115.550105566667,-33.4662277766667,19,-7,NA,NA,NA,NA,NA,NA,2,32
"20","17114","Unconsolidated",4,115.550225922222,-33.4662888877778,20,-5,NA,NA,NA,NA,NA,NA,3,16
"21","17308","Seagrasses",6,115.424333342857,-33.4680214285714,21,-20,0.161144137382507,0.161144137382507,310.023864746094,310.023864746094,0.25,0.5,2,16
"22","17309","Seagrasses",5,115.42555,-33.469426668,22,-20,0.161144137382507,0.161144137382507,310.023864746094,310.023864746094,-0.25,0.5,2,32
"23","17554","Seagrasses",15,115.426605546667,-33.4713211113333,23,-19,0.120860286056995,0.120860286056995,310.023040771484,310.023040771484,0.375,0.375,1,16
"24","17604","Seagrasses",3,115.552355566667,-33.47006111,24,-3,NA,NA,NA,NA,NA,NA,4,16
"25","17799","Seagrasses",2,115.427416633333,-33.4728833366667,25,-19,0.12061158567667,0.12061158567667,329.230102539062,329.230102539062,-0.125,0.375,2,32
"26","17800","Seagrasses",7,115.428083325,-33.47410625125,26,-19,0.103632993996143,0.103632993996143,360,360,-0.375,0.375,1,32
"27","18045","Seagrasses",7,115.429377777778,-33.4759018522222,27,-18,0.133164584636688,0.133164584636688,346.603454589844,346.603454589844,0.25,0.5,2,64
"28","18046","Seagrasses",3,115.43029165,-33.4771458325,28,-18,0.238091424107552,0.238091424107552,319.615295410156,319.615295410156,-0.25,0.75,3,64
"29","18291","Seagrasses",11,115.431394869231,-33.4789410253846,29,-17,0.241731762886047,0.241731762886047,310.020599365234,310.020599365234,0,0.75,2,16
"30","18536","Seagrasses",5,115.43239668,-33.48065,30,-16,0.161157771945,0.161157771945,310.019775390625,310.019775390625,0.5,0.5,2,16
"31","18537","Seagrasses",2,115.43310835,-33.481783335,31,-16,0.0402895398437977,0.0402895398437977,310.019775390625,310.019775390625,0.125,0.125,1,32
"32","18782","Turf.algae",5,115.434389575,-33.4834020825,32,-16,0,0,90,90,0,0,0,128
"33","18783","Seagrasses",4,115.4353567,-33.48462,33,-16,0.0402902215719223,0.0402902215719223,310.018981933594,310.018981933594,-0.125,0.125,1,128
"34","19028","Seagrasses",9,115.43645833,-33.486123333,34,-16,0.120616137981415,0.120616137981415,329.226470947266,329.226470947266,-0.5,0.5,1,64
"35","19274","Seagrasses",6,115.43839375,-33.48893541875,35,-15,0.161165952682495,0.161165952682495,310.017333984375,310.017333984375,-0.25,0.5,2,32
"36","19519","Turf.algae",7,115.439479622222,-33.4905759266667,36,-14,0.161168679594994,0.161168679594994,310.016510009766,310.016510009766,0.25,0.5,2,16
"37","19520","Seagrasses",2,115.440404175,-33.4918750025,37,-14,0.172761932015419,0.172761932015419,296.736907958984,296.736907958984,-0.375,0.625,2,32
"38","19765","Turf.algae",10,115.441552206667,-33.493735556,38,-13,0.12087869644165,0.12087869644165,310.015716552734,310.015716552734,0.375,0.375,1,16
"39","20010","Turf.algae",3,115.44250415,-33.495275,39,-13,0.0402936339378357,0.0402936339378357,310.014892578125,310.014892578125,0.125,0.125,1,32
"40","20011","Seagrasses",4,115.443458333333,-33.49659722,40,-13,0.0402936339378357,0.0402936339378357,49.9851036071777,49.9851036071777,0.125,0.125,1,128
"41","20256","Seagrasses",7,115.444516657143,-33.4985952385714,41,-13,4.96961674779611e-17,4.96961674779611e-17,90,90,0,0,0,64
"42","20502","Seagrasses",8,115.446662823077,-33.5015038453846,42,-13,0.133880808949471,0.133880808949471,292.770080566406,292.770080566406,-0.5,0.5,1,64
"43","20748","Seagrasses",9,115.448535,-33.503838334,43,-12,0.0518165417015553,0.0518165417015553,180,180,0.625,0.625,1,4
"44","20993","Seagrasses",4,115.449752783333,-33.5054027783333,44,-13,0.103632993996143,0.103632993996143,180,180,-0.375,0.375,1,8
"45","20994","Unconsolidated",6,115.450764271429,-33.5066571414286,45,-13,0.133887380361557,0.133887380361557,112.768905639648,112.768905639648,0,0.5,2,1
"46","21239","Seagrasses",4,115.4519875,-33.50790208375,46,-13,0.0518165417015553,0.0518165417015553,360,360,0,0.25,2,128
"47","21240","Seagrasses",11,115.453411530769,-33.5093769230769,47,-13,0.133167266845703,0.133167266845703,346.598602294922,346.598602294922,-0.125,0.375,2,64
"48","21485","Seagrasses",6,115.454511116667,-33.510669445,48,-12,0.120625257492065,0.120625257492065,329.219207763672,329.219207763672,0.5,0.5,1,16
"49","21486","Seagrasses",2,115.45529165,-33.511533335,49,-12,0.0836289897561073,0.0836289897561073,338.341461181641,338.341461181641,0.25,0.25,1,64
"50","21713","Seagrasses",8,115.411088891667,-33.5142430533333,50,-14,0.0402984134852886,0.0402984134852886,229.990814208984,229.990814208984,0,0.25,2,4
"51","21731","Seagrasses",7,115.456764285714,-33.5132999985714,51,-12,0,0,90,90,0,0,0,128
"52","21732","Seagrasses",3,115.457755566667,-33.51462222,52,-12,0,0,90,90,0,0,0,128
"53","21958","Seagrasses",8,115.4119812375,-33.51566041625,53,-15,0.0961573272943497,0.0961573272943497,285.630706787109,285.630706787109,-1.25,1.25,2,128
"54","21959","Turf.algae",4,115.4128976,-33.5169904771429,54,-13,0.172801747918129,0.172801747918129,296.730255126953,296.730255126953,0.75,0.75,2,16
"55","21977","Seagrasses",9,115.459305555556,-33.5162870355556,55,-12,0.103632993996143,0.103632993996143,2.54444377487161e-14,2.54444377487161e-14,-0.375,0.375,1,128
"56","21978","Seagrasses",6,115.460216666667,-33.5172416666667,56,-12,0.120897129178047,0.120897129178047,310.008361816406,310.008361816406,-0.625,0.625,1,64
"57","22204","Turf.algae",12,115.41385,-33.5187346146154,57,-13,0.123471848666668,0.123471848666668,270,270,0.625,0.625,2,16
"58","22205","Turf.algae",1,115.41538335,-33.51975,58,-13,0.0518165417015553,0.0518165417015553,180,180,0.125,0.125,1,4
"59","22223","Seagrasses",12,115.4610989625,-33.518665625,59,-11,0.0836299806833267,0.0836299806833267,338.339752197266,338.339752197266,0.25,0.25,1,64
"60","22450","Seagrasses",10,115.416114107692,-33.5212858969231,60,-14,0.0518165417015553,0.0518165417015553,180,180,-0.875,0.875,1,4
"61","22469","Turf.algae",11,115.463815283333,-33.5203333341667,61,-11,0.0961624830961227,0.0961624830961227,285.629852294922,285.629852294922,-0.5,0.5,1,16
"62","22470","Turf.algae",10,115.46613834,-33.521495,62,-10,0.123475417494774,0.123475417494774,270,270,0.375,0.375,1,16
"63","22695","Seagrasses",5,115.417216666667,-33.523544445,63,-14,0.0518165417015553,0.0518165417015553,0,0,-0.875,0.875,1,64
"64","22696","Seagrasses",3,115.417755533333,-33.5247055533333,64,-13,0.192329585552216,0.192329585552216,285.629425048828,285.629425048828,0,0.5,2,16
"65","22715","Turf.algae",2,115.46753335,-33.522475,65,-10,0.0961650609970093,0.0961650609970093,285.629425048828,285.629425048828,0.25,0.25,1,16
"66","22716","Turf.algae",11,115.469013891667,-33.523406945,66,-10,0.12347898632288,0.12347898632288,270,270,-0.375,0.375,1,64
"67","22717","Turf.algae",4,115.47031665,-33.524770835,67,-9,0.156507894396782,0.156507894396782,279.528564453125,279.528564453125,0.25,0.5,2,16
"68","22941","Seagrasses",10,115.41795695,-33.5260111108333,68,-13,0.133913695812225,0.133913695812225,292.764190673828,292.764190673828,-0.25,0.5,2,32
"69","22962","Turf.algae",18,115.471643511111,-33.52587037,69,-9,0.212243691086769,0.212243691086769,299.22705078125,299.22705078125,-0.125,0.625,2,16
"70","22963","Turf.algae",9,115.4732463,-33.5269574077778,70,-8,0.161206930875778,0.161206930875778,310.005126953125,310.005126953125,0.25,0.5,2,16
"71","23148","Seagrasses",3,115.3245875,-33.5295458325,71,-23,0.0403025150299072,0.0403025150299072,310.004302978516,310.004302978516,0.125,0.125,1,32
"72","23186","Seagrasses",17,115.419219605882,-33.5288970582353,72,-12,0.0403025150299072,0.0403025150299072,310.004302978516,310.004302978516,0.75,0.75,1,16
"73","23208","Turf.algae",4,115.474295825,-33.5276874975,73,-8,0.133916988968849,0.133916988968849,292.763580322266,292.763580322266,-0.125,0.375,2,32
"74","23209","Turf.algae",8,115.4759,-33.5292185177778,74,-7,0.120907381176949,0.120907381176949,310.004302978516,310.004302978516,0.625,0.625,1,16
"75","23393","Seagrasses",2,115.32505835,-33.53020833,75,-23,0.103632993996143,0.103632993996143,360,360,-0.375,0.375,1,32
"76","23394","Seagrasses",8,115.32585,-33.53135,76,-23,0.120632566511631,0.120632566511631,329.21337890625,329.21337890625,-0.5,0.5,1,128
"77","23431","Seagrasses",3,115.419827766667,-33.5303277766667,77,-12,0.0518165417015553,0.0518165417015553,180,180,0.875,0.875,1,1
"78","23432","Unconsolidated",9,115.420536116667,-33.5313583341667,78,-13,0.0961727946996689,0.0961727946996689,105.628135681152,105.628135681152,-0.25,0.25,1,128
"79","23454","Turf.algae",6,115.477366666667,-33.5307472216667,79,-7,0.0961727946996689,0.0961727946996689,285.628143310547,285.628143310547,0.25,0.25,1,16
"80","23455","Turf.algae",10,115.478347619048,-33.53162381,80,-7,0.0403031967580318,0.0403031967580318,310.003479003906,310.003479003906,-0.125,0.125,1,128
"81","23639","Seagrasses",8,115.32710001,-33.533313334,81,-22,0.0836319550871849,0.0836319550871849,338.336334228516,338.336334228516,0.25,0.25,1,64
"82","23640","Seagrasses",5,115.327925,-33.5344833333333,82,-22,0.0403038822114468,0.0403038822114468,310.002655029297,310.002655029297,0.125,0.125,1,32
"83","23677","Seagrasses",18,115.421607021053,-33.5338315789474,83,-13,0.0518165417015553,0.0518165417015553,360,360,-0.375,0.375,1,64
"84","23700","Seagrasses",19,115.479421533333,-33.5330958320833,84,-7,0.120911486446857,0.120911486446857,310.002655029297,310.002655029297,-0.375,0.375,1,64
"85","23701","Turf.algae",9,115.480704453333,-33.5343899993333,85,-6,0.161215126514435,0.161215126514435,310.002655029297,310.002655029297,0.25,0.5,2,16
"86","23885","Seagrasses",15,115.328679423529,-33.5357774505882,86,-22,0.0403045676648617,0.0403045676648617,310.001861572266,310.001861572266,-0.125,0.125,1,128
"87","23922","Seagrasses",3,115.422361133333,-33.5353277766667,87,-12,0.120913535356522,0.120913535356522,310.001861572266,310.001861572266,0.625,0.625,1,16
"88","23923","Seagrasses",12,115.42309305,-33.5367625,88,-12,0.103632993996143,0.103632993996143,0,0,0.375,0.375,1,64
"89","23946","Turf.algae",9,115.481937033333,-33.5357805555556,89,-6,0.201522037386894,0.201522037386894,310.001861572266,310.001861572266,-0.375,0.625,3,32
"90","23947","Seagrasses",5,115.48313166,-33.537021667,90,-5,0.277981996536255,0.277981996536255,318.211029052734,318.211029052734,0,1,3,16
"91","24130","Seagrasses",10,115.32988333,-33.537988333,91,-22,0.120635308325291,0.120635308325291,329.211181640625,329.211181640625,-0.5,0.5,1,128
"92","24131","Seagrasses",8,115.33077667,-33.539486666,92,-21,0.120915591716766,0.120915591716766,310.001037597656,310.001037597656,0.375,0.375,1,16
"93","24168","Seagrasses",18,115.42394417,-33.538764167,93,-12,4.96961674779611e-17,4.96961674779611e-17,90,90,0,0,0,64
"94","24192","Turf.algae",7,115.484226178571,-33.5381880957143,94,-4,0.217672348022461,0.217672348022461,276.835754394531,276.835754394531,0.625,0.875,3,16
"95","24193","Turf.algae",6,115.485666663636,-33.5394848481818,95,-3,0.156534314155579,0.156534314155579,279.526947021484,279.526947021484,1,1,2,16
"96","24376","Seagrasses",13,115.33183215,-33.5412095242857,96,-21,0.0403059348464012,0.0403059348464012,310.000213623047,310.000213623047,0.125,0.125,1,32
"97","24413","Seagrasses",8,115.4246166625,-33.5409395825,97,-12,0.0403059348464012,0.0403059348464012,310.000213623047,310.000213623047,-0.125,0.125,1,64
"98","24438","Turf.algae",7,115.486841675,-33.54050104,98,-4,0.247006818652153,0.247006818652153,270,270,-0.5,1,3,16
"99","24439","Unconsolidated",3,115.487779175,-33.5415541675,99,-3,NA,NA,NA,NA,NA,NA,3,16
"100","24621","Seagrasses",4,115.332479175,-33.54255,100,-21,0.103632993996143,0.103632993996143,2.16277720017054e-13,2.16277720017054e-13,-0.375,0.375,1,16
"101","24622","Seagrasses",16,115.33329791875,-33.54374791625,101,-21,0.120637141168118,0.120637141168118,329.209747314453,329.209747314453,-0.5,0.5,1,32
"102","24659","Seagrasses",8,115.42641332,-33.544049999,102,-11,0.120637141168118,0.120637141168118,329.209747314453,329.209747314453,0.5,0.5,1,16
"103","24867","Seagrasses",11,115.334633336364,-33.5458757572727,103,-20,0.12063805013895,0.12063805013895,329.209014892578,329.209014892578,0.125,0.375,2,64
"104","24868","Seagrasses",5,115.33540668,-33.546983334,104,-20,0.12063805013895,0.12063805013895,329.209014892578,329.209014892578,-0.125,0.375,2,32
"105","24904","Seagrasses",1,115.4274,-33.54498333,105,-11,0.0806145668029785,0.0806145668029785,309.998596191406,309.998596191406,0,0.25,2,32
"106","24905","Seagrasses",12,115.428929158333,-33.5463680558333,106,-11,0.0836336016654968,0.0836336016654968,338.33349609375,338.33349609375,-0.25,0.25,1,64
"107","25113","Seagrasses",15,115.336736666667,-33.5487211126667,107,-19,0.120638966560364,0.120638966560364,329.208282470703,329.208282470703,0.5,0.5,1,16
"108","25151","Seagrasses",12,115.431573608333,-33.5484000008333,108,-10,0.103632993996143,0.103632993996143,0,0,0.375,0.375,1,64
"109","25152","Seagrasses",1,115.433,-33.5499,109,-10,0.172853574156761,0.172853574156761,296.721588134766,296.721588134766,-0.125,0.625,2,64
"110","25359","Seagrasses",18,115.338483331579,-33.5511228068421,110,-19,0.120639882981777,0.120639882981777,329.207550048828,329.207550048828,-0.5,0.5,1,64
"111","25397","Seagrasses",10,115.43394,-33.551163333,111,-10,0.123518273234367,0.123518273234367,270,270,-0.375,0.375,1,4
"112","25593","Seagrasses",5,115.311135714286,-33.5541,112,-21,0.120640799403191,0.120640799403191,329.206817626953,329.206817626953,-0.5,0.5,1,64
"113","25604","Seagrasses",7,115.339726185714,-33.55305476,113,-18,0.0836345925927162,0.0836345925927162,338.331787109375,338.331787109375,0.25,0.25,1,64
"114","25605","Seagrasses",9,115.340618511111,-33.5542555566667,114,-18,0.172861546278,0.172861546278,296.720275878906,296.720275878906,-0.25,0.5,3,32
"115","25642","Seagrasses",2,115.4350917,-33.552791665,115,-10,0.123521849513054,0.123521849513054,270,270,-0.375,0.375,1,16
"116","25643","Seagrasses",11,115.436019238462,-33.5538358984615,116,-9,0.123521849513054,0.123521849513054,270,270,0.375,0.375,1,16
"117","25837","Seagrasses",5,115.30993334,-33.556976666,117,-20,0.120641708374023,0.120641708374023,329.206085205078,329.206085205078,0.5,0.5,1,16
"118","25838","Seagrasses",8,115.310396311111,-33.5560111111111,118,-20,0.0836349278688431,0.0836349278688431,338.331237792969,338.331237792969,0.25,0.25,1,64
"119","25850","Seagrasses",14,115.34165104375,-33.556084375,119,-18,0.212299808859825,0.212299808859825,299.218597412109,299.218597412109,-0.875,0.875,2,32
"120","25888","Seagrasses",5,115.43722668,-33.555556666,120,-9,0.0961986035108566,0.0961986035108566,285.623840332031,285.623840332031,0.25,0.25,1,16
"121","25889","Seagrasses",9,115.438027777778,-33.5567314811111,121,-9,0.12352542579174,0.12352542579174,270,270,-0.375,0.375,1,64
"122","26082","Seagrasses",15,115.3090302125,-33.55845729125,122,-20,0.0806214138865471,0.0806214138865471,309.994506835938,309.994506835938,0,0.25,2,32
"123","26095","Seagrasses",5,115.34247334,-33.557646668,123,-17,0.198554128408432,0.198554128408432,321.52734375,321.52734375,-0.375,0.875,2,64
"124","26096","Seagrasses",13,115.343547607143,-33.5590059528571,124,-16,0.252432107925415,0.252432107925415,281.845184326172,281.845184326172,0,0.75,3,16
"125","26134","Seagrasses",12,115.439470833333,-33.5590347208333,125,-9,0.120932020246983,0.120932020246983,309.994506835938,309.994506835938,-0.625,0.625,1,32
"126","26327","Seagrasses",22,115.308090904545,-33.5612734836364,126,-20,0.120934069156647,0.120934069156647,309.993682861328,309.993682861328,-0.375,0.375,1,64
"127","26341","Seagrasses",5,115.344623814286,-33.5605404771429,127,-16,0.161245241761208,0.161245241761208,309.993682861328,309.993682861328,-0.5,0.75,2,32
"128","26342","Turf.algae",6,115.34537167,-33.561941666,128,-15,0.192406997084618,0.192406997084618,285.622985839844,285.622985839844,0,0.5,2,16
"129","26379","Seagrasses",1,115.44005,-33.5601,129,-8,0.167270809412003,0.167270809412003,338.330078125,338.330078125,0,0.5,2,64
"130","26380","Seagrasses",10,115.4413131,-33.56127381,130,-8,0.161245241761208,0.161245241761208,309.993682861328,309.993682861328,-0.5,0.75,2,32
"131","26533","Seagrasses",9,115.21150625,-33.56417499875,131,-26,0.120644457638264,0.120644457638264,329.203887939453,329.203887939453,-0.5,0.5,1,128
"132","26571","Turf.algae",5,115.3075639,-33.5627583333333,132,-20,0.133963122963905,0.133963122963905,292.755310058594,292.755310058594,-0.125,0.375,2,32
"133","26572","Turf.algae",8,115.30774332,-33.563979999,133,-19,0.133963122963905,0.133963122963905,292.755310058594,292.755310058594,0.5,0.5,1,16
"134","26587","Seagrasses",17,115.346539651724,-33.5637356327586,134,-15,0.1728775203228,0.1728775203228,296.717590332031,296.717590332031,-0.375,0.625,2,32
"135","26626","Seagrasses",9,115.443965682353,-33.5637882347059,135,-7,0.120644457638264,0.120644457638264,329.203887939453,329.203887939453,-0.125,0.375,2,32
"136","26769","Seagrasses",8,115.1887988,-33.566538095,136,-25,0.0836362466216087,0.0836362466216087,338.328948974609,338.328948974609,0.75,0.75,1,1
"137","26778","Seagrasses",6,115.212067864286,-33.5663273814286,137,-25,0.183968350291252,0.183968350291252,350.335327148438,350.335327148438,-0.125,0.625,2,64
"138","26816","Seagrasses",3,115.307083333333,-33.56695,138,-20,0.133966416120529,0.133966416120529,292.754730224609,292.754730224609,-0.5,0.5,1,64
"139","26817","Turf.algae",4,115.307845242857,-33.5661571428571,139,-19,0.133966416120529,0.133966416120529,292.754730224609,292.754730224609,0.125,0.375,2,16
"140","26832","Seagrasses",1,115.3476167,-33.56508333,140,-14,0.133966416120529,0.133966416120529,292.754730224609,292.754730224609,0.5,0.5,1,16
"141","26833","Seagrasses",9,115.3483125,-33.5661777775,141,-14,0.0403127819299698,0.0403127819299698,309.992065429688,309.992065429688,0.125,0.125,1,32
"142","26871","Seagrasses",2,115.4449333,-33.565125,142,-6,0.159266367554665,0.159266367554665,324.425628662109,324.425628662109,0.375,0.625,2,16
"143","26872","Turf.algae",9,115.44646834,-33.56664,143,-6,0.198560804128647,0.198560804128647,321.52490234375,321.52490234375,-0.125,0.625,2,64
"144","26873","Turf.algae",2,115.44800835,-33.56735,144,-5,0.198560804128647,0.198560804128647,321.52490234375,321.52490234375,0.5,0.75,3,16
"145","26987","Seagrasses",2,115.122325,-33.56966667,145,-24,0.324138998985291,0.324138998985291,28.4521331787109,28.4521331787109,-0.375,1.125,4,128
"146","26988","Other",3,115.122983333333,-33.56867778,146,-24,0.286657392978668,0.286657392978668,6.18528366088867,6.18528366088867,0,1,4,64
"147","27014","Unconsolidated",2,115.1891875,-33.568891665,147,-25,0.167272791266441,0.167272791266441,338.328369140625,338.328369140625,0,0.75,2,16
"148","27023","Seagrasses",6,115.212430558333,-33.568280555,148,-24,0.103632993996143,0.103632993996143,1.65388847907753e-13,1.65388847907753e-13,0.375,0.375,1,64
"149","27024","Turf.algae",3,115.212807142857,-33.5695428585714,149,-24,0.133172228932381,0.133172228932381,346.589630126953,346.589630126953,0.25,0.5,2,64
"150","27061","Seagrasses",15,115.306897773333,-33.5687100006667,150,-19,0.1728855073452,0.1728855073452,296.716278076172,296.716278076172,0.375,0.625,2,16
"151","27078","Seagrasses",7,115.349468058333,-33.5681694433333,151,-14,9.93923349559222e-17,9.93923349559222e-17,90,90,0,0,0,128
"152","27079","Turf.algae",3,115.35035,-33.56955,152,-14,0.0403134673833847,0.0403134673833847,50.0087623596191,50.0087623596191,0,0.25,2,1
"153","27118","Turf.algae",8,115.449236354545,-33.56824697,153,-5,0.161253467202187,0.161253467202187,309.991241455078,309.991241455078,-0.25,0.5,2,32
"154","27119","Seagrasses",3,115.450433333333,-33.56957222,154,-4,0.201566532254219,0.201566532254219,309.991241455078,309.991241455078,0.25,0.75,2,16
"155","27232","Seagrasses",4,115.121528557143,-33.5711571428571,155,-22,0.334544062614441,0.334544062614441,21.6721858978271,21.6721858978271,0.25,1.25,4,1
"156","27259","Unconsolidated",5,115.189107142857,-33.5711785714286,156,-24,0.235209941864014,0.235209941864014,352.454406738281,352.454406738281,0.125,0.875,3,32
"157","27269","Seagrasses",10,115.2129119,-33.5711988092857,157,-24,0.120647206902504,0.120647206902504,329.201721191406,329.201721191406,-0.5,0.5,1,128
"158","27306","Seagrasses",13,115.3068631,-33.5714214278571,158,-19,0.192427664995193,0.192427664995193,285.621246337891,285.621246337891,0,0.5,2,16
"159","27324","Turf.algae",7,115.351245833333,-33.5706902775,159,-14,0.0806282609701157,0.0806282609701157,309.990417480469,309.990417480469,-0.125,0.375,2,128
"160","27364","Seagrasses",10,115.451247225,-33.5709736108333,160,-4,NA,NA,NA,NA,NA,NA,2,32
"161","27476","Seagrasses",8,115.119435188889,-33.5741703711111,161,-20,0.361940085887909,0.361940085887909,30.7990188598633,30.7990188598633,0.125,1.375,4,1
"162","27477","Seagrasses",6,115.1204999875,-33.5727458325,162,-21,0.349317580461502,0.349317580461502,15.382719039917,15.382719039917,-0.375,1.375,4,128
"163","27504","Seagrasses",5,115.18847998,-33.574220002,163,-23,0.133172646164894,0.133172646164894,13.4111127853394,13.4111127853394,0.25,0.5,2,64
"164","27514","Unconsolidated",5,115.213409528571,-33.5743047614286,164,-23,0.103632993996143,0.103632993996143,5.08888754974322e-14,5.08888754974322e-14,0.125,0.375,2,64
"165","27551","Turf.algae",14,115.305931578947,-33.5736561394737,165,-19,0.172893494367599,0.172893494367599,296.714935302734,296.714935302734,-0.375,0.625,2,32
"166","27569","Seagrasses",4,115.35233,-33.57281,166,-14,0.133976310491562,0.133976310491562,292.7529296875,292.7529296875,-0.5,0.5,1,64
"167","27570","Seagrasses",8,115.353375008333,-33.5737916675,167,-13,0.0962166860699654,0.0962166860699654,285.620819091797,285.620819091797,0.25,0.25,1,16
"168","27609","Seagrasses",1,115.4525,-33.57303333,168,-3,NA,NA,NA,NA,NA,NA,3,1
"169","27720","Seagrasses",4,115.11723332,-33.577123334,169,-18,0.322520822286606,0.322520822286606,50.0112152099609,50.0112152099609,0,1,4,1
"170","27721","Seagrasses",5,115.11799,-33.576269998,170,-19,0.279681384563446,0.279681384563446,33.5184440612793,33.5184440612793,-0.25,1,4,128
"171","27748","Seagrasses",6,115.1872639,-33.5768555566667,171,-22,0.120946407318115,0.120946407318115,50.0112152099609,50.0112152099609,0.625,0.625,1,1
"172","27749","Seagrasses",6,115.187971428571,-33.57532143,172,-23,0.0806310027837753,0.0806310027837753,50.0112152099609,50.0112152099609,-0.375,0.375,1,64
"173","27759","Unconsolidated",8,115.213185177778,-33.5762425911111,173,-23,0.120649039745331,0.120649039745331,30.7997493743896,30.7997493743896,-0.5,0.5,1,64
"174","27796","Seagrasses",14,115.306411394737,-33.5760298252632,174,-18,0.133979618549347,0.133979618549347,292.752349853516,292.752349853516,0.5,0.5,1,16
"175","27815","Seagrasses",6,115.35485555,-33.5752611116667,175,-13,0.0403155200183392,0.0403155200183392,309.988800048828,309.988800048828,0.125,0.125,1,32
"176","27816","Seagrasses",11,115.3560512,-33.5765214285714,176,-13,0,0,90,90,0,0,0,128
"177","27855","Seagrasses",3,115.45418666,-33.57566,177,-1,NA,NA,NA,NA,NA,NA,2,1
"178","27965","Seagrasses",9,115.116562955556,-33.5783648144444,178,-17,0.317996889352798,0.317996889352798,42.840217590332,42.840217590332,-0.125,1.125,4,1
"179","27993","Seagrasses",12,115.186219433333,-33.5788000008333,179,-22,0.0962218567728996,0.0962218567728996,74.3800354003906,74.3800354003906,0.25,0.25,1,1
"180","28003","Seagrasses",2,115.2125167,-33.579383335,180,-22,0.155449286103249,0.155449286103249,3.81666574701071e-14,3.81666574701071e-14,-0.125,0.625,2,32
"181","28004","Seagrasses",1,115.2128,-33.577766665,181,-22,0.167275443673134,0.167275443673134,21.6738948822021,21.6738948822021,0,0.5,2,64
"182","28041","Turf.algae",6,115.306270507692,-33.5783820515385,182,-18,0.0962218567728996,0.0962218567728996,285.619964599609,285.619964599609,0.25,0.25,1,16
"183","28061","Seagrasses",4,115.357252783333,-33.5779305566667,183,-13,9.93923349559222e-17,9.93923349559222e-17,90,90,0,0,0,32
"184","28062","Seagrasses",5,115.3579778,-33.57903611,184,-13,9.93923349559222e-17,9.93923349559222e-17,90,90,0,0,0,64
"185","28209","Seagrasses",4,115.11407085,-33.5816791675,185,-15,0.159275740385056,0.159275740385056,35.5790939331055,35.5790939331055,0.625,0.625,2,1
"186","28210","Seagrasses",5,115.11528,-33.580283334,186,-16,0.238212898373604,0.238212898373604,40.4190559387207,40.4190559387207,0,0.75,3,128
"187","28237","Seagrasses",3,115.184816666667,-33.5821555566667,187,-22,0.161267176270485,0.161267176270485,309.987152099609,309.987152099609,-0.25,0.5,3,16
"188","28238","Seagrasses",6,115.185409090909,-33.5808075763636,188,-22,0.183969244360924,0.183969244360924,9.66631317138672,9.66631317138672,-0.375,0.625,3,128
"189","28249","Seagrasses",8,115.2127375125,-33.581008335,189,-21,0.120650872588158,0.120650872588158,30.8012084960938,30.8012084960938,0.5,0.5,1,1
"190","28285","Seagrasses",8,115.304587044444,-33.5815981477778,190,-18,0.0836382284760475,0.0836382284760475,338.325531005859,338.325531005859,0.25,0.25,1,64
"191","28286","Unconsolidated",3,115.305405566667,-33.5804,191,-18,0.080633744597435,0.080633744597435,309.987152099609,309.987152099609,0,0.25,2,32
"192","28307","Seagrasses",12,115.359470833333,-33.58100139,192,-13,0.103632993996143,0.103632993996143,5.08888754974322e-14,5.08888754974322e-14,-0.375,0.375,1,64
"193","28308","Seagrasses",3,115.3604611,-33.5822111133333,193,-13,0.103632993996143,0.103632993996143,5.08888754974322e-14,5.08888754974322e-14,-0.375,0.375,1,16
"194","28453","Seagrasses",7,115.112261914286,-33.5838595228571,194,-15,0.398133873939514,0.398133873939514,44.2907371520996,44.2907371520996,-1.5,1.5,5,128
"195","28454","Seagrasses",1,115.1127833,-33.5832,195,-15,0.203663378953934,0.203663378953934,27.066987991333,27.066987991333,-0.5,0.75,4,128
"196","28482","Seagrasses",4,115.184254771429,-33.5837119042857,196,-21,0.279688805341721,0.279688805341721,326.479278564453,326.479278564453,0.125,1.125,3,16
"197","28494","Unconsolidated",2,115.213425,-33.583541665,197,-21,0.133173480629921,0.133173480629921,13.4126100540161,13.4126100540161,-0.25,0.5,2,128
"198","28530","Seagrasses",8,115.30335332,-33.583713334,198,-18,0.103632993996143,0.103632993996143,1.01777750994864e-13,1.01777750994864e-13,-0.375,0.375,1,16
"199","28553","Seagrasses",21,115.361719038095,-33.5838619052381,199,-12,0.103632993996143,0.103632993996143,360,360,0.375,0.375,1,64
"200","28697","Seagrasses",1,115.1100167,-33.5868,200,-10,1.01564788818359,1.01564788818359,52.2545394897461,52.2545394897461,-0.75,3.25,13,1
"201","28698","Seagrasses",10,115.11077501,-33.585853332,201,-12,0.679518222808838,0.679518222808838,46.665111541748,46.665111541748,0.125,2.375,8,1
"202","28727","Seagrasses",7,115.18324167,-33.586171666,202,-20,0.299678444862366,0.299678444862366,341.985961914062,341.985961914062,-0.25,1,4,32
"203","28739","Seagrasses",3,115.214858325,-33.586729165,203,-20,0.286658078432083,0.286658078432083,353.8134765625,353.8134765625,-0.25,1,3,64
"204","28774","Unconsolidated",6,115.302066672727,-33.5860666663636,204,-17,0.207265317440033,0.207265317440033,2.54444377487161e-14,2.54444377487161e-14,0,0.75,2,64
"205","28798","Seagrasses",2,115.3624917,-33.585,205,-12,0.103632993996143,0.103632993996143,360,360,-0.375,0.375,1,1
"206","28799","Seagrasses",15,115.363586666667,-33.5863388893333,206,-12,0.103632993996143,0.103632993996143,360,360,-0.375,0.375,1,64
"207","28941","Unconsolidated",5,115.10701332,-33.589433334,207,-2,NA,NA,NA,NA,NA,NA,9,1
"208","28942","Seagrasses",3,115.108737525,-33.5879458325,208,-7,1.0373946428299,1.0373946428299,63.2890625,63.2890625,-0.125,3.375,11,1
"209","28971","Seagrasses",10,115.182005,-33.589095001,209,-19,0.358051419258118,0.358051419258118,316.350982666016,316.350982666016,0.25,1.25,5,16
"210","28984","Seagrasses",1,115.2150667,-33.58745,210,-18,0.316976130008698,0.316976130008698,348.759857177734,348.759857177734,0.5,1.25,3,16
"211","28985","Seagrasses",4,115.21544585,-33.5885208325,211,-18,0.310896277427673,0.310896277427673,0,0,0.375,1.125,3,64
"212","29018","Seagrasses",1,115.2997833,-33.58973333,212,-16,0.133173897862434,0.133173897862434,346.586639404297,346.586639404297,0.25,0.5,2,64
"213","29019","Seagrasses",6,115.300712118182,-33.5882318181818,213,-16,0.18396969139576,0.18396969139576,350.332855224609,350.332855224609,0.125,0.625,2,64
"214","29044","Seagrasses",4,115.364666675,-33.5878625,214,-11,0.103632993996143,0.103632993996143,0,0,0.375,0.375,1,64
"215","29045","Seagrasses",10,115.365605,-33.589418333,215,-11,0.0836392194032669,0.0836392194032669,338.323822021484,338.323822021484,0.25,0.25,1,64
"216","29186","Unconsolidated",2,115.10621665,-33.590016665,216,-1,NA,NA,NA,NA,NA,NA,6,1
"217","29216","Seagrasses",14,115.181534521429,-33.5908095235714,217,-18,0.252086192369461,0.252086192369461,300.922210693359,300.922210693359,0.25,0.75,3,16
"218","29230","Seagrasses",5,115.216138883333,-33.591094445,218,-17,0.207265317440033,0.207265317440033,2.54444377487161e-14,2.54444377487161e-14,0,0.75,2,64
"219","29263","Seagrasses",9,115.298779633333,-33.5910388888889,219,-16,0.120654538273811,0.120654538273811,329.195861816406,329.195861816406,-0.5,0.5,1,32
"220","29290","Seagrasses",18,115.366531578947,-33.5912157889474,220,-11,9.93923349559222e-17,9.93923349559222e-17,90,90,0,0,0,32
"221","29461","Turf.algae",7,115.1815564,-33.5936076907692,221,-18,0.212370082736015,0.212370082736015,299.207977294922,299.207977294922,-0.5,0.75,3,32
"222","29475","Seagrasses",5,115.2164541625,-33.593339585,222,-16,0.183969989418983,0.183969989418983,350.332305908203,350.332305908203,0.125,0.625,2,64
"223","29507","Seagrasses",9,115.296752561538,-33.5936128215385,223,-15,0.207265317440033,0.207265317440033,360,360,0,0.75,2,64
"224","29535","Seagrasses",3,115.36755,-33.59272222,224,-11,0.103632993996143,0.103632993996143,1.01777750994864e-13,1.01777750994864e-13,-0.375,0.375,1,128
"225","29536","Seagrasses",9,115.36846001,-33.594081667,225,-11,0.103632993996143,0.103632993996143,1.01777750994864e-13,1.01777750994864e-13,-0.375,0.375,1,64
"226","29705","Seagrasses",1,115.1798833,-33.59725,226,-18,0.238230317831039,0.238230317831039,319.576019287109,319.576019287109,-0.625,0.875,4,32
"227","29706","Seagrasses",12,115.181460246154,-33.5956641023077,227,-17,0.358066260814667,0.358066260814667,316.348480224609,316.348480224609,-0.375,1.125,4,16
"228","29720","Seagrasses",10,115.216065,-33.596545002,228,-15,0.0806419774889946,0.0806419774889946,309.982238769531,309.982238769531,0.625,0.625,1,16
"229","29751","Seagrasses",7,115.294419042857,-33.5967666657143,229,-14,0.120656371116638,0.120656371116638,329.194396972656,329.194396972656,0.5,0.5,1,16
"230","29752","Seagrasses",4,115.295483333333,-33.59547778,230,-14,0.103632993996143,0.103632993996143,5.08888754974322e-14,5.08888754974322e-14,0.375,0.375,1,64
"231","29781","Seagrasses",10,115.3697111,-33.5962208325,231,-10,0.207265317440033,0.207265317440033,1.2722218874358e-14,1.2722218874358e-14,0,0.75,2,64
"232","29782","Seagrasses",2,115.37015,-33.597225,232,-10,0.207265317440033,0.207265317440033,1.2722218874358e-14,1.2722218874358e-14,0,0.75,2,64
"233","29949","Seagrasses",3,115.177308325,-33.5996333325,233,-17,0.235211238265038,0.235211238265038,352.452026367188,352.452026367188,-0.125,0.875,3,64
"234","29950","Seagrasses",7,115.178649985714,-33.5983309528571,234,-17,0.357759714126587,0.357759714126587,322.805572509766,322.805572509766,-0.75,1.25,4,64
"235","29965","Seagrasses",18,115.21671166,-33.598499999,235,-16,0.103632993996143,0.103632993996143,5.08888754974322e-14,5.08888754974322e-14,-1.125,1.125,2,32
"236","29995","Seagrasses",4,115.2918375,-33.599429165,236,-14,0.120657287538052,0.120657287538052,329.193664550781,329.193664550781,0.125,0.375,2,64
"237","29996","Seagrasses",8,115.293451855556,-33.5981574077778,237,-14,0.120657287538052,0.120657287538052,329.193664550781,329.193664550781,-0.125,0.375,2,32
"238","30027","Seagrasses",12,115.371108969231,-33.5986807692308,238,-9,0.103632993996143,0.103632993996143,0,0,0.375,0.375,1,64
"239","30191","Seagrasses",4,115.16890415,-33.6023083325,239,-15,0.198591992259026,0.198591992259026,38.4864044189453,38.4864044189453,-0.5,0.75,3,128
"240","30192","Seagrasses",4,115.171125,-33.60185,240,-15,0.241315335035324,0.241315335035324,30.8070507049561,30.8070507049561,0.125,0.875,3,1
"241","30193","Seagrasses",5,115.17411666,-33.601266666,241,-16,0.299683451652527,0.299683451652527,18.0169696807861,18.0169696807861,-0.625,1.125,3,64
"242","30194","Seagrasses",6,115.175830566667,-33.6005444433333,242,-16,0.34932541847229,0.34932541847229,344.612609863281,344.612609863281,-0.625,1.375,4,64
"243","30210","Seagrasses",10,115.21697,-33.601083332,243,-14,0.266348421573639,0.266348421573639,13.4152336120605,13.4152336120605,0.25,1,3,1
"244","30239","Turf.algae",6,115.290056063636,-33.6017575763636,244,-14,0.103632993996143,0.103632993996143,1.01777750994864e-13,1.01777750994864e-13,-0.375,0.375,1,128
"245","30240","Turf.algae",18,115.290631532432,-33.60141081,245,-14,0.120658203959465,0.120658203959465,329.192962646484,329.192962646484,-0.5,0.5,1,16
"246","30272","Seagrasses",4,115.3722125,-33.600175,246,-9,0,0,90,90,0,0,0,8
"247","30273","Seagrasses",3,115.3726333,-33.60048333,247,-9,0.0403223820030689,0.0403223820030689,50.0193901062012,50.0193901062012,0.125,0.125,1,128
"248","30435","Seagrasses",9,115.166981488889,-33.6035277766667,248,-13,0.198594227433205,0.198594227433205,38.4872169494629,38.4872169494629,0.5,0.75,3,1
"249","30436","Seagrasses",1,115.1683167,-33.60258333,249,-14,0.203673154115677,0.203673154115677,27.0723705291748,27.0723705291748,-0.25,0.75,2,64
"250","30454","Other",1,115.21465,-33.604,250,-13,0.133175134658813,0.133175134658813,346.584381103516,346.584381103516,0.25,0.5,2,64
"251","30455","Seagrasses",13,115.215872456522,-33.6035282604348,251,-13,0.207265317440033,0.207265317440033,6.3611096912889e-14,6.3611096912889e-14,0.25,0.75,3,128
"252","30484","Seagrasses",11,115.289680166667,-33.6035611109524,252,-13,0.103632993996143,0.103632993996143,7.63333149402141e-14,7.63333149402141e-14,0.375,0.375,1,64
"253","30679","Seagrasses",4,115.16487002,-33.606543334,253,-12,0.21628201007843,0.21628201007843,16.602502822876,16.602502822876,0.125,0.875,2,1
"254","30680","Seagrasses",8,115.1655520875,-33.60569375,254,-13,0.250923186540604,0.250923186540604,21.6801643371582,21.6801643371582,-0.75,1,3,128
"255","30700","Seagrasses",14,115.215736666667,-33.6060444453333,255,-12,0.120660044252872,0.120660044252872,329.191497802734,329.191497802734,0.5,0.5,1,16
"256","30729","Seagrasses",23,115.288599995652,-33.6062442034783,256,-13,0.0403237529098988,0.0403237529098988,50.0210227966309,50.0210227966309,-0.125,0.125,1,64
"257","30923","Seagrasses",2,115.162355566667,-33.6094333333333,257,-11,0.286658942699432,0.286658942699432,6.18812990188599,6.18812990188599,-0.25,1,3,64
"258","30924","Seagrasses",6,115.163183328571,-33.6090166657143,258,-11,0.266349673271179,0.266349673271179,13.4163579940796,13.4163579940796,0,1,4,128
"259","30945","Seagrasses",7,115.21595415,-33.60924375,259,-12,0.133175551891327,0.133175551891327,346.583648681641,346.583648681641,-0.25,0.5,2,32
"260","30973","Seagrasses",12,115.287063891667,-33.6091041675,260,-12,0.120660960674286,0.120660960674286,30.8092441558838,30.8092441558838,0.5,0.5,1,1
"261","30974","Seagrasses",8,115.2877562375,-33.60803541625,261,-13,0.120660960674286,0.120660960674286,30.8092441558838,30.8092441558838,-0.5,0.5,1,128
"262","31168","Seagrasses",20,115.161410835,-33.611211666,262,-9,0.216283038258553,0.216283038258553,16.6034126281738,16.6034126281738,0.875,0.875,2,1
"263","31190","Seagrasses",9,115.216066675,-33.611180555,263,-11,0.103632993996143,0.103632993996143,0,0,0.375,0.375,1,64
"264","31217","Seagrasses",2,115.28503335,-33.61234167,264,-12,4.96961674779611e-17,4.96961674779611e-17,270,270,0,0,0,128
"265","31218","Seagrasses",13,115.285814107692,-33.6111666661538,265,-12,0.0403251275420189,0.0403251275420189,50.0226593017578,50.0226593017578,0.125,0.125,1,128
"266","31412","Seagrasses",5,115.15975998,-33.614326664,266,-9,0.24132451415062,0.24132451415062,30.8107051849365,30.8107051849365,-0.875,0.875,3,128
"267","31413","Seagrasses",6,115.16055,-33.6130722233333,267,-9,0.167284697294235,0.167284697294235,21.6818752288818,21.6818752288818,-0.375,0.625,3,128
"268","31435","Seagrasses",18,115.215889822222,-33.6137833327778,268,-11,0.103632993996143,0.103632993996143,2.54444377487161e-14,2.54444377487161e-14,-0.375,0.375,1,64
"269","31462","Seagrasses",16,115.2841083375,-33.613705209375,269,-12,0.103632993996143,0.103632993996143,0,0,-0.375,0.375,1,64
"270","31656","Seagrasses",1,115.1572833,-33.61725,270,-6,0.334567874670029,0.334567874670029,21.682445526123,21.682445526123,0.75,1.25,4,1
"271","31657","Seagrasses",7,115.158074088889,-33.6164370377778,271,-7,0.357786238193512,0.357786238193512,37.2000274658203,37.2000274658203,0.25,1.25,4,1
"272","31680","Seagrasses",13,115.215730769231,-33.61614359,272,-10,0.183971345424652,0.183971345424652,9.67016315460205,9.67016315460205,0.125,0.625,2,64
"273","31706","Seagrasses",4,115.282433325,-33.6172875,273,-11,0.103632993996143,0.103632993996143,2.54444377487161e-14,2.54444377487161e-14,0.375,0.375,1,64
"274","31707","Seagrasses",16,115.283234375,-33.615753125,274,-11,0.103632993996143,0.103632993996143,2.54444377487161e-14,2.54444377487161e-14,0.375,0.375,1,64
"275","31900","Seagrasses",3,115.154705533333,-33.61963889,275,-5,0.183971494436264,0.183971494436264,9.67043781280518,9.67043781280518,0.125,0.625,2,64
"276","31901","Seagrasses",12,115.156094441667,-33.6183333333333,276,-5,0.201635137200356,0.201635137200356,50.0251159667969,50.0251159667969,0.625,0.875,3,1
"277","31925","Seagrasses",12,115.215847233333,-33.6186680558333,277,-9,0.203680500388145,0.203680500388145,27.0764102935791,27.0764102935791,0.25,0.75,2,1
"278","31951","Seagrasses",11,115.281821218182,-33.61850303,278,-11,0.103632993996143,0.103632993996143,7.63333149402141e-14,7.63333149402141e-14,-0.375,0.375,1,64
"279","32144","Seagrasses",2,115.15226665,-33.622125,279,-4,0.286659419536591,0.286659419536591,6.18902063369751,6.18902063369751,-0.25,1,3,64
"280","32145","Seagrasses",3,115.154027766667,-33.6203666633333,280,-4,0.241330027580261,0.241330027580261,30.8128986358643,30.8128986358643,0.125,0.875,3,1
"281","32170","Seagrasses",15,115.215817773333,-33.621122222,281,-8,0.1593007594347,0.1593007594347,35.5916709899902,35.5916709899902,0.625,0.625,2,1
"282","32195","Seagrasses",5,115.27967668,-33.621796668,282,-10,0.207265317440033,0.207265317440033,1.2722218874358e-14,1.2722218874358e-14,0,0.75,2,64
"283","32196","Seagrasses",5,115.280480566667,-33.620583335,283,-10,0.183971658349037,0.183971658349037,9.67071342468262,9.67071342468262,0.125,0.625,2,64
"284","32388","Seagrasses",3,115.149805533333,-33.62481111,284,-2,0.310896277427673,0.310896277427673,360,360,0.375,1.125,3,64
"285","32389","Seagrasses",8,115.1509979125,-33.6236666675,285,-2,0.299690932035446,0.299690932035446,18.0213680267334,18.0213680267334,0.625,1.125,3,1
"286","32415","Seagrasses",11,115.215737872727,-33.6231984845455,286,-8,0.120666466653347,0.120666466653347,30.8136310577393,30.8136310577393,-0.125,0.375,2,128
"287","32439","Seagrasses",6,115.277271428571,-33.6244452385714,287,-9,0.133176803588867,0.133176803588867,346.581390380859,346.581390380859,0.25,0.5,2,64
"288","32440","Seagrasses",13,115.278450007692,-33.6231858976923,288,-9,0.183971807360649,0.183971807360649,350.329010009766,350.329010009766,0.125,0.625,2,64
"289","32633","Seagrasses",2,115.149016666667,-33.6254944433333,289,-1,NA,NA,NA,NA,NA,NA,1,64
"290","32660","Seagrasses",14,115.215482135714,-33.6261726192857,290,-7,0.120667390525341,0.120667390525341,30.8143615722656,30.8143615722656,0.5,0.5,1,1
"291","32683","Seagrasses",3,115.2745625,-33.6270958325,291,-9,0.040329247713089,0.040329247713089,309.972442626953,309.972442626953,-0.125,0.125,1,128
"292","32684","Seagrasses",10,115.27599999,-33.625798333,292,-9,0.120987586677074,0.120987586677074,309.972442626953,309.972442626953,-0.375,0.375,1,64
"293","32904","Seagrasses",3,115.215027766667,-33.62958889,293,-7,0.103632993996143,0.103632993996143,5.08888754974322e-14,5.08888754974322e-14,-0.375,0.375,1,64
"294","32905","Seagrasses",8,115.2153041625,-33.6284645825,294,-7,0.120668306946754,0.120668306946754,30.8150939941406,30.8150939941406,-0.125,0.375,2,128
"295","32927","Seagrasses",6,115.272272216667,-33.629594445,295,-9,0.103632993996143,0.103632993996143,0,0,-0.375,0.375,1,128
"296","32928","Seagrasses",8,115.27354166,-33.628326669,296,-9,0.120668306946754,0.120668306946754,329.184906005859,329.184906005859,-0.5,0.5,1,128
"297","33149","Seagrasses",10,115.2146394,-33.6312500009091,297,-6,0.133177429437637,0.133177429437637,13.419734954834,13.419734954834,0.25,0.5,2,64
"298","33171","Seagrasses",3,115.2699111,-33.6321111133333,298,-8,0.120669223368168,0.120669223368168,329.184173583984,329.184173583984,0.5,0.5,1,16
"299","33172","Seagrasses",16,115.27107186875,-33.63089374875,299,-8,0.103632993996143,0.103632993996143,0,0,0.375,0.375,1,64
"300","33394","Seagrasses",12,115.214435892308,-33.6340576930769,300,-6,0.161324843764305,0.161324843764305,50.0300254821777,50.0300254821777,-0.5,0.5,2,128
"301","33415","Seagrasses",1,115.26755,-33.63488333,301,-8,0.16729000210762,0.16729000210762,21.6864414215088,21.6864414215088,-0.375,0.625,2,64
"302","33416","Seagrasses",11,115.268466672727,-33.63386818,302,-8,0.133177638053894,0.133177638053894,346.579895019531,346.579895019531,-0.25,0.5,2,32
"303","33639","Seagrasses",8,115.214238888889,-33.6361166655556,303,-5,0.238276824355125,0.238276824355125,40.4370994567871,40.4370994567871,-0.125,0.875,2,1
"304","33660","Seagrasses",11,115.266666681818,-33.6362742427273,304,-7,0.183972552418709,0.183972552418709,9.67236518859863,9.67236518859863,-0.125,0.625,2,64
"305","33884","Seagrasses",11,115.213992427273,-33.6388621218182,305,-4,0.120671980082989,0.120671980082989,30.8180198669434,30.8180198669434,0.375,0.375,2,128
"306","33904","Seagrasses",3,115.264525,-33.639275,306,-6,0.287071943283081,0.287071943283081,25.5121936798096,25.5121936798096,-0.5,1,3,64
"307","33905","Seagrasses",4,115.26549165,-33.6379,307,-6,0.235213115811348,0.235213115811348,7.55142974853516,7.55142974853516,-0.125,0.875,3,64
"308","34129","Seagrasses",13,115.213669230769,-33.6408730769231,308,-4,0.0836461707949638,0.0836461707949638,21.6881561279297,21.6881561279297,-0.25,0.25,1,128
"309","34148","Seagrasses",4,115.262108325,-33.6419291675,309,-4,0.207265317440033,0.207265317440033,360,360,0.25,0.75,3,128
"310","34149","Seagrasses",6,115.263427783333,-33.6407444433333,310,-4,0.287073493003845,0.287073493003845,25.5128402709961,25.5128402709961,0.5,1,3,1
"311","34373","Seagrasses",3,115.2123611,-33.6444333333333,311,-3,0.120673820376396,0.120673820376396,30.8194847106934,30.8194847106934,0.125,0.375,2,64
"312","34374","Seagrasses",6,115.213047216667,-33.643330555,312,-3,0.120673820376396,0.120673820376396,30.8194847106934,30.8194847106934,0.5,0.5,1,1
"313","34392","Seagrasses",2,115.25990835,-33.6443,313,-4,0.121002025902271,0.121002025902271,309.966705322266,309.966705322266,-0.375,0.375,1,128
"314","34393","Seagrasses",5,115.2607104,-33.64330000125,314,-3,0.159314855933189,0.159314855933189,324.401245117188,324.401245117188,0.375,0.625,2,16
"315","34618","Seagrasses",12,115.211891666667,-33.6460208325,315,-3,0.159316420555115,0.159316420555115,35.5995407104492,35.5995407104492,-0.625,0.625,2,128
"316","34636","Seagrasses",3,115.257458333333,-33.6469583333333,316,-4,0.12067474424839,0.12067474424839,329.179779052734,329.179779052734,-0.5,0.5,1,32
"317","34637","Seagrasses",9,115.258585177778,-33.6457777766667,317,-3,0.121004089713097,0.121004089713097,309.965881347656,309.965881347656,0.375,0.375,1,16
"318","34863","Seagrasses",4,115.211495825,-33.6478166675,318,-2,NA,NA,NA,NA,NA,NA,2,64
"319","34881","Seagrasses",10,115.25658,-33.64881,319,-3,0.167293980717659,0.167293980717659,338.310119628906,338.310119628906,0,0.5,2,64
"320","35126","Seagrasses",10,115.25633,-33.651220001,320,-2,0.216291233897209,0.216291233897209,343.389312744141,343.389312744141,0.125,0.875,2,16
"321","35371","Seagrasses",5,115.256658333333,-33.6529833333333,321,-1,NA,NA,NA,NA,NA,NA,2,32
